{"fun": 3.0875218930851194, "jac": [-0.41313397884368896, -1.2318744957447052, 0.8945314288139343], "hess_inv": [[0.31874787409201694, 0.3025756890607528, -0.4108980861720798], [0.30257568906075266, 0.32231888689317784, -0.40344008055337943], [-0.4108980861720798, -0.4034400805533795, 0.5800095403197351]], "nfev": 284, "njev": 69, "status": 2, "success": false, "message": "Desired error not necessarily achieved due to precision loss.", "x": [2.945619007823867, 3.044030214620334, -3.20425636149728], "nit": 17}