{"fun": 3.0847565741738103, "jac": [-0.4013063311576843, -1.1987972259521484, 0.8696174919605255], "hess_inv": [[0.31581452502135104, 0.29939366450568367, -0.40741056168335327], [0.29939366450568367, 0.3188783152964626, -0.39961610150426], [-0.4074105616833533, -0.39961610150426013, 0.5759261190958325]], "nfev": 348, "njev": 85, "status": 2, "success": false, "message": "Desired error not necessarily achieved due to precision loss.", "x": [2.9735483624551886, 3.070458561087371, -3.245046298703272], "nit": 17}