{"fun": 3.091500761989717, "jac": [-0.3968805968761444, -1.1803018152713776, 0.8571691811084747], "hess_inv": [[0.32938967961740623, 0.31426038474149576, -0.4267358306027731], [0.31426038474149587, 0.33505719613593193, -0.4206939133110686], [-0.42673583060277315, -0.4206939133110686, 0.6033426453490212]], "nfev": 295, "njev": 72, "status": 2, "success": false, "message": "Desired error not necessarily achieved due to precision loss.", "x": [2.9857963244701375, 3.0905029281015683, -3.2679187863484103], "nit": 17}