{"fun": 3.0937950311930793, "jac": [-0.37847280502319336, -1.1377569437026978, 0.8268625140190125], "hess_inv": [[0.33435538321209884, 0.3171667556377484, -0.4305827359176699], [0.3171667556377484, 0.3358517118367079, -0.42174551910021113], [-0.4305827359176698, -0.4217455191002111, 0.6047688184352306]], "nfev": 319, "njev": 78, "status": 2, "success": false, "message": "Desired error not necessarily achieved due to precision loss.", "x": [3.0377289208064173, 3.1284736309672603, -3.3172037471901734], "nit": 17}