{"fun": 3.089646885977655, "jac": [-0.40404921770095825, -1.200993537902832, 0.8722794651985168], "hess_inv": [[0.32807717535028214, 0.3129441481165908, -0.4248181184074865], [0.3129441481165907, 0.3337388120030718, -0.4187702825573825], [-0.4248181184074865, -0.4187702825573825, 0.6005591393300203]], "nfev": 354, "njev": 87, "status": 2, "success": false, "message": "Desired error not necessarily achieved due to precision loss.", "x": [2.9671217998372574, 3.071919013154511, -3.241880246527567], "nit": 17}