{"fun": 3.082549610758006, "jac": [-0.4206152856349945, -1.254746526479721, 0.9110532701015472], "hess_inv": [[0.309418451671886, 0.2930307365838101, -0.39804468504324014], [0.29303073658381007, 0.3125559188375915, -0.39029318193185186], [-0.3980446850432401, -0.3902931819318519, 0.5623102866399774]], "nfev": 323, "njev": 79, "status": 2, "success": false, "message": "Desired error not necessarily achieved due to precision loss.", "x": [2.9252703632118546, 3.0229300424466357, -3.175537802020881], "nit": 17}