{"fun": 3.0876620721604024, "jac": [-0.397163987159729, -1.1817782819271088, 0.8579805791378021], "hess_inv": [[0.3284007612581133, 0.3132031649044104, -0.4254953268504761], [0.31320316490441047, 0.33392927092009317, -0.41936114193352364], [-0.42549532685047614, -0.4193611419335237, 0.6017937764427042]], "nfev": 353, "njev": 86, "status": 2, "success": false, "message": "Desired error not necessarily achieved due to precision loss.", "x": [2.9833670597704622, 3.0876237352606775, -3.2652293480811876], "nit": 17}