{"fun": 3.0936468869404097, "jac": [-0.4084201455116272, -1.2167193591594696, 0.884067952632904], "hess_inv": [[0.32299684846583976, 0.30709912476625884, -0.41671697613748016], [0.30709912476625884, 0.32709735710851007, -0.40960369155890985], [-0.4167169761374801, -0.40960369155890985, 0.5879148332708568]], "nfev": 300, "njev": 73, "status": 2, "success": false, "message": "Desired error not necessarily achieved due to precision loss.", "x": [2.958992225309143, 3.0595379137480623, -3.2230720352197935], "nit": 17}