{"fun": 2.3111213588845154, "jac": [-0.32240110635757446, -1.1569462418556213, 0.9116829037666321], "hess_inv": [[0.3414612682846141, 0.2931349515862811, -0.36236764640125785], [0.2931349515862811, 0.28659341088392676, -0.3217485231749188], [-0.36236764640125785, -0.3217485231749188, 0.4358334214609129]], "nfev": 352, "njev": 86, "status": 2, "success": false, "message": "Desired error not necessarily achieved due to precision loss.", "x": [3.0322837121461292, 2.910607573927956, -2.7059393263040263], "nit": 16}