{"fun": 3.0944057348978884, "jac": [-0.42551469802856445, -1.2663911581039429, 0.9201299548149109], "hess_inv": [[0.31446708336403256, 0.2984179749341564, -0.40487021971673254], [0.2984179749341564, 0.3182643017597995, -0.397550170634743], [-0.4048702197167325, -0.397550170634743, 0.5714788166543918]], "nfev": 315, "njev": 77, "status": 2, "success": false, "message": "Desired error not necessarily achieved due to precision loss.", "x": [2.9177014165389417, 3.017716618284784, -3.1655576233554776], "nit": 17}