{"fun": 0.36363636363636365, "status": 0, "success": true, "message": "Solution found.", "x": 2.3683190952228985, "nfev": 34, "nit": 34}