{"fun": 0.4818181818181818, "status": 0, "success": true, "message": "Solution found.", "x": 7.3743051596992215, "nfev": 34, "nit": 34}