{"fun": 3.053415202190945, "jac": [-0.35699042677879333, -1.162621408700943, 0.8814592361450195], "hess_inv": [[0.3788507519201155, 0.34540639044609167, -0.4410715365707979], [0.34540639044609167, 0.34831918627042413, -0.41182617258906734], [-0.4410715365707979, -0.4118261725890674, 0.5586553936232972]], "nfev": 300, "njev": 73, "status": 2, "success": false, "message": "Desired error not necessarily achieved due to precision loss.", "x": [3.12485205446117, 3.122551704606176, -3.1311144520062166], "nit": 15}