{"fun": 3.084032204962533, "jac": [-0.3965722322463989, -1.1848487854003906, 0.8599535524845123], "hess_inv": [[0.3203347895045562, 0.30407240074816344, -0.41342644198378625], [0.30407240074816344, 0.3237200410901411, -0.40584732295146275], [-0.4134264419837863, -0.40584732295146275, 0.5839356343058737]], "nfev": 333, "njev": 81, "status": 2, "success": false, "message": "Desired error not necessarily achieved due to precision loss.", "x": [2.985188805926294, 3.082950736040439, -3.260042784223155], "nit": 17}