{"fun": 3.0916232809247406, "jac": [-0.4051527976989746, -1.208508163690567, 0.877592921257019], "hess_inv": [[0.320521669514726, 0.30429020430252346, -0.4133090065318041], [0.30429020430252346, 0.3239718828841434, -0.405770119793176], [-0.4133090065318041, -0.40577011979317595, 0.5832844059050922]], "nfev": 355, "njev": 87, "status": 2, "success": false, "message": "Desired error not necessarily achieved due to precision loss.", "x": [2.967237539108498, 3.065403512628583, -3.2336027006898194], "nit": 17}