{"fun": 3.080661593404921, "jac": [-0.3940547704696655, -1.1792576313018799, 0.8568315505981445], "hess_inv": [[0.3319330402457246, 0.31560390605369915, -0.42826655166705074], [0.3156039060536992, 0.3352041755363676, -0.42061486901247835], [-0.4282665516670508, -0.42061486901247835, 0.6029394835730094]], "nfev": 328, "njev": 80, "status": 2, "success": false, "message": "Desired error not necessarily achieved due to precision loss.", "x": [2.9916323394100433, 3.087731642309955, -3.262003277475424], "nit": 17}