{"fun": 3.056606148440516, "jac": [-0.3579880893230438, -1.1647270023822784, 0.8826012313365936], "hess_inv": [[0.37604788088630553, 0.34284834408099335, -0.43814375960930574], [0.3428483440809933, 0.3459854610328983, -0.4091717587835287], [-0.43814375960930574, -0.4091717587835287, 0.5556567404820605]], "nfev": 304, "njev": 74, "status": 2, "success": false, "message": "Desired error not necessarily achieved due to precision loss.", "x": [3.122759275369657, 3.1212674643412504, -3.1315384199967333], "nit": 15}