{"fun": 3.0555116652560166, "jac": [-0.35494565963745117, -1.154939889907837, 0.8751224875450134], "hess_inv": [[0.38037628077361857, 0.3471512205592298, -0.44369752047279126], [0.3471512205592298, 0.3502559490331975, -0.4146806670966424], [-0.44369752047279126, -0.4146806670966424, 0.5627529390949655]], "nfev": 273, "njev": 66, "status": 2, "success": false, "message": "Desired error not necessarily achieved due to precision loss.", "x": [3.130896333707077, 3.129743663295524, -3.1430261075247685], "nit": 15}