{"fun": 3.0841391758063814, "jac": [-0.3927176296710968, -1.1775076687335968, 0.854561448097229], "hess_inv": [[0.3214937364993452, 0.3044352449790564, -0.41402797814547476], [0.30443524497905633, 0.32328228674083287, -0.40537585461291525], [-0.41402797814547476, -0.4053758546129153, 0.5834859305153435]], "nfev": 319, "njev": 78, "status": 2, "success": false, "message": "Desired error not necessarily achieved due to precision loss.", "x": [2.996810305787395, 3.088930949071354, -3.2686265706237525], "nit": 17}