{"fun": 3.0800474178883817, "jac": [-0.40142765641212463, -1.2010345160961151, 0.8721871674060822], "hess_inv": [[0.31883061383279615, 0.30222627527271395, -0.4105573011058725], [0.30222627527271395, 0.3215460768073659, -0.40253198907634996], [-0.4105573011058726, -0.40253198907634996, 0.5789986946404135]], "nfev": 348, "njev": 85, "status": 2, "success": false, "message": "Desired error not necessarily achieved due to precision loss.", "x": [2.972745898963327, 3.067944148355406, -3.2369835031235583], "nit": 17}