{"fun": 3.0816236394492207, "jac": [-0.41120609641075134, -1.2271709442138672, 0.891319751739502], "hess_inv": [[0.31675059836220526, 0.30054256508154664, -0.4080415977716925], [0.30054256508154653, 0.3202504325731267, -0.4005344000778571], [-0.4080415977716925, -0.4005344000778571, 0.575940191337575]], "nfev": 295, "njev": 72, "status": 2, "success": false, "message": "Desired error not necessarily achieved due to precision loss.", "x": [2.947875167733205, 3.046291253885271, -3.206401637585796], "nit": 17}