{"fun": 3.0844045109646734, "jac": [-0.42706769704818726, -1.2679023742675781, 0.9210468232631683], "hess_inv": [[0.3086993009936866, 0.2933489660791974, -0.39809395364840866], [0.2933489660791974, 0.31392693879611, -0.391747831292495], [-0.3980939536484087, -0.3917478312924951, 0.5637233931669505]], "nfev": 336, "njev": 82, "status": 2, "success": false, "message": "Desired error not necessarily achieved due to precision loss.", "x": [2.9086077128076053, 3.0135243775120295, -3.160573843883238], "nit": 17}