{"fun": 3.0857005842027174, "jac": [-0.4249928295612335, -1.267669141292572, 0.9215410351753235], "hess_inv": [[0.3153106341416101, 0.29892939473054514, -0.4051912202610251], [0.2989293947305452, 0.31848320626253257, -0.39746717246681973], [-0.40519122026102516, -0.39746717246681973, 0.5709460363134297]], "nfev": 395, "njev": 97, "status": 2, "success": false, "message": "Desired error not necessarily achieved due to precision loss.", "x": [2.917422677523336, 3.0143739394449107, -3.158780380898859], "nit": 17}