{"fun": 3.072327767871874, "jac": [-0.4239979386329651, -1.2381681203842163, 0.8957965075969696], "hess_inv": [[0.3436260193360658, 0.3305220737935511, -0.44847572519048595], [0.3305220737935511, 0.3533662101185482, -0.4447844341359623], [-0.4484757251904859, -0.4447844341359623, 0.6357219010345754]], "nfev": 356, "njev": 87, "status": 2, "success": false, "message": "Desired error not necessarily achieved due to precision loss.", "x": [2.9080291354350614, 3.0341752412863405, -3.2060679621016077], "nit": 16}