{"fun": 3.080963184835305, "jac": [-0.43566638231277466, -1.2995811700820923, 0.944523274898529], "hess_inv": [[0.30289848080829923, 0.28637196627502737, -0.3883486967644902], [0.28637196627502737, 0.305778304180051, -0.38042715614270506], [-0.3883486967644902, -0.3804271561427051, 0.5480909353851942]], "nfev": 305, "njev": 74, "status": 2, "success": false, "message": "Desired error not necessarily achieved due to precision loss.", "x": [2.889553820634169, 2.986284013032276, -3.1210081332953625], "nit": 17}