{"fun": 3.085856150384999, "jac": [-0.40201854705810547, -1.2009498178958893, 0.8728468120098114], "hess_inv": [[0.3285902042610804, 0.31235786278644667, -0.42363299942916766], [0.31235786278644667, 0.3320586398265427, -0.4161122008609174], [-0.42363299942916766, -0.4161122008609173, 0.5965248819762166]], "nfev": 341, "njev": 83, "status": 2, "success": false, "message": "Desired error not necessarily achieved due to precision loss.", "x": [2.973766150578856, 3.070857144626548, -3.2375274012593063], "nit": 17}