{"fun": 3.0628003719600305, "jac": [-0.3683352470397949, -1.1955960392951965, 0.9056621491909027], "hess_inv": [[0.37008162552655244, 0.3372172590367881, -0.4310075523298879], [0.337217259036788, 0.34067066718737116, -0.4024360897001861], [-0.4310075523298879, -0.4024360897001861, 0.5471148052581839]], "nfev": 311, "njev": 76, "status": 2, "success": false, "message": "Desired error not necessarily achieved due to precision loss.", "x": [3.095132561052438, 3.0954796987551676, -3.0989634508728656], "nit": 15}