{"fun": 3.0500935446661277, "jac": [-0.36857348680496216, -1.2000142931938171, 0.909605860710144], "hess_inv": [[0.36924551459481275, 0.33597113397507744, -0.42895370198731636], [0.3359711339750775, 0.3390632341553472, -0.39994162887706614], [-0.42895370198731636, -0.3999416288770661, 0.5434142060723504]], "nfev": 300, "njev": 73, "status": 2, "success": false, "message": "Desired error not necessarily achieved due to precision loss.", "x": [3.090096010563612, 3.0877847938142544, -3.0860957493625207], "nit": 15}