{"fun": 3.0729876179063185, "jac": [-0.4275527596473694, -1.2474838197231293, 0.9020052552223206], "hess_inv": [[0.34207498172709544, 0.32908841688904167, -0.4468573787892929], [0.32908841688904167, 0.35205158243811535, -0.4433322358593467], [-0.4468573787892928, -0.44333223585934667, 0.634179216309045]], "nfev": 360, "njev": 88, "status": 2, "success": false, "message": "Desired error not necessarily achieved due to precision loss.", "x": [2.899422508276663, 3.0260660871632497, -3.1973015667013414], "nit": 16}