{"fun": 3.0544667353795716, "jac": [-0.3685368001461029, -1.1983657777309418, 0.9083254933357239], "hess_inv": [[0.37110045556623766, 0.3379617023111385, -0.4315266726733484], [0.3379617023111385, 0.3411685597825086, -0.40265796524281133], [-0.4315266726733484, -0.4026579652428114, 0.546904535434925]], "nfev": 323, "njev": 79, "status": 2, "success": false, "message": "Desired error not necessarily achieved due to precision loss.", "x": [3.0915822915854094, 3.0907507046244516, -3.090155504346139], "nit": 15}