{"fun": 3.0827433776092006, "jac": [-0.43480777740478516, -1.2572170495986938, 0.9099860191345215], "hess_inv": [[0.3268997398798574, 0.31549468744408593, -0.4280458380061789], [0.31549468744408593, 0.3400422805751879, -0.4266320423246715], [-0.4280458380061789, -0.4266320423246715, 0.6108860448363113]], "nfev": 321, "njev": 78, "status": 2, "success": false, "message": "Desired error not necessarily achieved due to precision loss.", "x": [2.8816744963870455, 3.0227867121786742, -3.188419611381261], "nit": 16}