{"fun": 3.090180320567473, "jac": [-0.39394575357437134, -1.1764050722122192, 0.8543607592582703], "hess_inv": [[0.33471484597349366, 0.3186796654112517, -0.43270505049077035], [0.31867966541125164, 0.3385603138227294, -0.4254341681581396], [-0.43270505049077046, -0.4254341681581396, 0.6097884858738176]], "nfev": 327, "njev": 80, "status": 2, "success": false, "message": "Desired error not necessarily achieved due to precision loss.", "x": [2.9947416499014494, 3.0930230345208636, -3.271289540509906], "nit": 17}