{"fun": 3.0773038892868922, "jac": [-0.4757553040981293, -1.3869107961654663, 1.0030781924724579], "hess_inv": [[0.2964658587612819, 0.2822586840632848, -0.38306271710156786], [0.2822586840632848, 0.30398378516424956, -0.3778557417215558], [-0.38306271710156786, -0.37785574172155584, 0.5450487054249141]], "nfev": 306, "njev": 75, "status": 2, "success": false, "message": "Desired error not necessarily achieved due to precision loss.", "x": [2.792098851197607, 2.9153457852507523, -3.0428912332663907], "nit": 15}