{"fun": 3.0851739339146573, "jac": [-0.37516674399375916, -1.0972968637943268, 0.7931862473487854], "hess_inv": [[0.36612277126586773, 0.3539873231082314, -0.48188548152225263], [0.35398732310823144, 0.37781691182425337, -0.47955975136455437], [-0.4818854815222525, -0.4795597513645544, 0.6849935809012593]], "nfev": 298, "njev": 73, "status": 2, "success": false, "message": "Desired error not necessarily achieved due to precision loss.", "x": [3.0320701425993093, 3.1624350033136173, -3.3874351627542687], "nit": 18}