{"fun": 3.0853161749820948, "jac": [-0.4133874475955963, -1.228551059961319, 0.8920702636241913], "hess_inv": [[0.31765892918349975, 0.3023650917656093, -0.4106338296954123], [0.3023650917656093, 0.3229956264779797, -0.4043663920756381], [-0.41063382969541223, -0.4043663920756381, 0.5812450377630602]], "nfev": 282, "njev": 68, "status": 2, "success": false, "message": "Desired error not necessarily achieved due to precision loss.", "x": [2.9420847054566774, 3.046516975983168, -3.207896049972357], "nit": 17}