{"fun": 3.082689770295281, "jac": [-0.40135496854782104, -1.2045758962631226, 0.8750795722007751], "hess_inv": [[0.3256512214783783, 0.30826453470574466, -0.4184530794348146], [0.30826453470574466, 0.3268024007877734, -0.409376505239857], [-0.41845307943481463, -0.4093765052398571, 0.5879386649153605]], "nfev": 370, "njev": 91, "status": 2, "success": false, "message": "Desired error not necessarily achieved due to precision loss.", "x": [2.976150039877729, 3.065663184675564, -3.2323066547043706], "nit": 17}