{"25_11_cluster_0": [1.1112307692307692, 0.02008727927266985], "25_11_cluster_1": [1.1229, 0.019421538510992972], "25_11_cluster_2": [1.135842105263158, 0.01897723553521213], "25_11_cluster_3": [1.1598846153846154, 0.021337184959507517], "25_12_cluster_0": [1.5563529411764705, 0.008333164704289806], "25_12_cluster_1": [1.5216666666666667, 0.009233106691841164], "25_12_cluster_2": [1.3587878787878787, 0.009105898772271682], "25_12_cluster_3": [1.4727878787878788, 0.009283255185278573], "25_21_cluster_0": [1.112942857142857, 0.028910382303383775], "25_21_cluster_1": [1.0791600000000001, 0.022667340253831356], "25_21_cluster_2": [1.0867222222222221, 0.02246159663953698], "25_21_cluster_3": [1.1220588235294118, 0.029870919587687807], "25_22_cluster_0": [1.4960434782608696, 0.008839558097813895], "25_22_cluster_1": [1.4499565217391306, 0.010846503805335073], "25_22_cluster_2": [1.3634594594594593, 0.008818183249381223], "25_22_cluster_3": [1.363388888888889, 0.011147682948993478], "25_31_cluster_0": [1.1288461538461538, 0.0173719035878983], "25_31_cluster_1": [1.2804666666666666, 0.018134668510568726], "25_31_cluster_2": [1.1373250000000001, 0.018200676793890886], "25_31_cluster_3": [1.1896153846153845, 0.0229631537187071], "25_32_cluster_0": [1.5059761904761904, 0.008823888664777905], "25_32_cluster_1": [1.4188, 0.009466450017788387], "25_32_cluster_2": [1.3348648648648649, 0.00884728604177294], "25_32_cluster_3": [1.416875, 0.01020820955414128]}