{"33_11_cluster_0": [1.4414516129032258, 0.006659550413381207], "33_11_cluster_1": [1.1325217391304347, 0.008698540024527619], "33_11_cluster_2": [1.4295454545454545, 0.006979802510423794], "33_11_cluster_3": [1.1402, 0.012263412631505427], "33_12_cluster_0": [1.8289545454545455, 0.00519208398238638], "33_12_cluster_1": [1.8310588235294116, 0.004267870246186032], "33_12_cluster_2": [1.7080666666666666, 0.005715128108434658], "33_12_cluster_3": [1.6765999999999999, 0.005624150370716391], "33_21_cluster_0": [1.318265625, 0.00812460319477204], "33_21_cluster_1": [1.1845769230769232, 0.008206436705344745], "33_21_cluster_2": [1.3537843137254901, 0.007986259260714447], "33_21_cluster_3": [1.2914545454545454, 0.009310252424983949], "33_22_cluster_0": [1.7706274509803923, 0.005730144863770795], "33_22_cluster_1": [1.7615999999999998, 0.004500706841146023], "33_22_cluster_2": [1.71956, 0.005100576289261983], "33_22_cluster_3": [1.6681, 0.005815631494146064], "33_31_cluster_0": [1.3664029850746269, 0.0073189081978985845], "33_31_cluster_1": [1.2640882352941176, 0.008522843462148308], "33_31_cluster_2": [1.455037037037037, 0.0062778819150789734], "33_31_cluster_3": [1.2508, 0.009071035874573648], "33_32_cluster_0": [1.7616181818181817, 0.003925939097326888], "33_32_cluster_1": [1.7165833333333333, 0.004654238927098851], "33_32_cluster_2": [1.677516129032258, 0.005173281803962117], "33_32_cluster_3": [1.5693125, 0.005665808649145503]}