{"fun": 3.0865427478962135, "jac": [-0.3781273663043976, -1.1353419125080109, 0.8243760764598846], "hess_inv": [[0.3351412378346178, 0.3181824462762509, -0.43239049394075557], [0.31818244627625086, 0.3371315077315358, -0.4238739609113364], [-0.43239049394075557, -0.42387396091133644, 0.6081976361671482]], "nfev": 330, "njev": 80, "status": 2, "success": false, "message": "Desired error not necessarily achieved due to precision loss.", "x": [3.0356757786213513, 3.127859724513216, -3.3201724574061275], "nit": 17}