{"fun": 3.065836768479147, "jac": [-0.34957194328308105, -1.1364957690238953, 0.8604307770729065], "hess_inv": [[0.38553484784813125, 0.3522424715658012, -0.4508869943751624], [0.3522424715658012, 0.35526907985921086, -0.421745634232364], [-0.4508869943751624, -0.42174563423236394, 0.5725808345111632]], "nfev": 350, "njev": 85, "status": 2, "success": false, "message": "Desired error not necessarily achieved due to precision loss.", "x": [3.15075571973706, 3.149275933093221, -3.1723193106780534], "nit": 15}