{"fun": 3.0565458090066593, "jac": [-0.35524246096611023, -1.1557045578956604, 0.8753856718540192], "hess_inv": [[0.37742646433271143, 0.34430197011205693, -0.4403244013328349], [0.3443019701120569, 0.34750166786471154, -0.41141965293169014], [-0.440324401332835, -0.41141965293169014, 0.5589033104824047]], "nfev": 345, "njev": 84, "status": 2, "success": false, "message": "Desired error not necessarily achieved due to precision loss.", "x": [3.130293412735766, 3.1290369851516946, -3.1435891250805232], "nit": 15}