{"fun": 3.0579158268376965, "jac": [-0.3654830753803253, -1.1873745918273926, 0.8994221091270447], "hess_inv": [[0.37142864918307394, 0.338505037284799, -0.43270094377143686], [0.3385050372847991, 0.3419014075780305, -0.4040550522118588], [-0.4327009437714368, -0.4040550522118588, 0.5492401780300029]], "nfev": 370, "njev": 90, "status": 2, "success": false, "message": "Desired error not necessarily achieved due to precision loss.", "x": [3.1010940924469694, 3.101107781692093, -3.1064479220737735], "nit": 15}