{"fun": 3.087745019178103, "jac": [-0.38457316160202026, -1.1555406749248505, 0.8391197919845581], "hess_inv": [[0.3320346524730148, 0.31464220160699174, -0.42750881289285003], [0.3146422016069917, 0.3331712909825968, -0.4184251468934703], [-0.4275088128928501, -0.41842514689347027, 0.6007445339515313]], "nfev": 324, "njev": 79, "status": 2, "success": false, "message": "Desired error not necessarily achieved due to precision loss.", "x": [3.0209217706848808, 3.109990859837986, -3.295147337562639], "nit": 17}