{"fun": 3.0868700702152667, "jac": [-0.43624603748321533, -1.2604261636734009, 0.9120386838912964], "hess_inv": [[0.32932529157389934, 0.318058739319313, -0.4316509201451234], [0.318058739319313, 0.34274785129835533, -0.430431821844744], [-0.4316509201451234, -0.430431821844744, 0.6162038182934915]], "nfev": 321, "njev": 78, "status": 2, "success": false, "message": "Desired error not necessarily achieved due to precision loss.", "x": [2.879915666200751, 3.0212205239754457, -3.1874967038436948], "nit": 16}