{"fun": 3.0624704622995877, "jac": [-0.3625413477420807, -1.178064614534378, 0.8926661908626556], "hess_inv": [[0.37894294492981384, 0.345671228793227, -0.44165175205565044], [0.3456712287932269, 0.34873803347194093, -0.4125928853594397], [-0.44165175205565044, -0.4125928853594397, 0.5599088249390775]], "nfev": 376, "njev": 92, "status": 2, "success": false, "message": "Desired error not necessarily achieved due to precision loss.", "x": [3.112132414746174, 3.1112176694992684, -3.1184658046953677], "nit": 15}