{"fun": 0.5028571428571429, "status": 0, "success": true, "message": "Solution found.", "x": 6.184130744467939, "nfev": 31, "nit": 31}