{"fun": 0.4680952380952381, "status": 0, "success": true, "message": "Solution found.", "x": 5.283361809554201, "nfev": 26, "nit": 26}