{"fun": 0.48863636363636365, "status": 0, "success": true, "message": "Solution found.", "x": 6.550370897648916, "nfev": 33, "nit": 33}