{"fun": 0.39116883116883117, "status": 0, "success": true, "message": "Solution found.", "x": 2.3685704500026974, "nfev": 29, "nit": 29}