{"fun": 0.6083720930232558, "status": 0, "success": true, "message": "Solution found.", "x": 2.3683190952228985, "nfev": 35, "nit": 35}