{"fun": 0.4830508474576271, "status": 0, "success": true, "message": "Solution found.", "x": 4.888208685546627, "nfev": 24, "nit": 24}