{"fun": 0.43468354430379746, "status": 0, "success": true, "message": "Solution found.", "x": 6.260200838135038, "nfev": 34, "nit": 34}