{"fun": 0.44387096774193546, "status": 0, "success": true, "message": "Solution found.", "x": 6.366404620024559, "nfev": 34, "nit": 34}