{"fun": 0.47058823529411764, "status": 0, "success": true, "message": "Solution found.", "x": 4.296723033148932, "nfev": 34, "nit": 34}