{"fun": 0.367012987012987, "status": 0, "success": true, "message": "Solution found.", "x": 3.825840062308832, "nfev": 15, "nit": 15}