{"fun": 0.370126582278481, "status": 0, "success": true, "message": "Solution found.", "x": 3.9748826366153653, "nfev": 25, "nit": 25}