{"fun": 3.0871602751910965, "jac": [-0.39758962392807007, -1.1873448193073273, 0.8617828488349915], "hess_inv": [[0.32228650326530356, 0.30605119720972085, -0.4160711983090648], [0.30605119720972096, 0.32572669210592164, -0.40852906460923594], [-0.41607119830906475, -0.408529064609236, 0.5875205920028672]], "nfev": 310, "njev": 75, "status": 2, "success": false, "message": "Desired error not necessarily achieved due to precision loss.", "x": [2.9840084229405184, 3.0818210883817767, -3.258406939932589], "nit": 17}