{"fun": 3.0594848861333945, "jac": [-0.361735463142395, -1.1755003333091736, 0.8904985785484314], "hess_inv": [[0.3724935667226638, 0.33954006427270655, -0.43405299851609114], [0.3395400642727066, 0.34290704409565775, -0.40536833133174904], [-0.43405299851609097, -0.40536833133174904, 0.550952478755988]], "nfev": 312, "njev": 76, "status": 2, "success": false, "message": "Desired error not necessarily achieved due to precision loss.", "x": [3.1127290352442105, 3.1123075396372855, -3.120928015932101], "nit": 15}