{"fun": 3.079988879480652, "jac": [-0.41566580533981323, -1.2405377924442291, 0.9021344780921936], "hess_inv": [[0.3237904250433725, 0.30768465177446097, -0.41680040515537503], [0.307684651774461, 0.32751858372541365, -0.4094501912770278], [-0.4168004051553751, -0.40945019127702775, 0.5868356935739929]], "nfev": 347, "njev": 85, "status": 2, "success": false, "message": "Desired error not necessarily achieved due to precision loss.", "x": [2.9374023036242187, 3.035640957201949, -3.186604262326307], "nit": 17}