{"fun": 3.079017555493653, "jac": [-0.4365384578704834, -1.3022571206092834, 0.9468404650688171], "hess_inv": [[0.3008158783442878, 0.28425791058239325, -0.3849644571309232], [0.28425791058239325, 0.30363251299241995, -0.376993658102083], [-0.38496445713092325, -0.376993658102083, 0.5427455407979291]], "nfev": 294, "njev": 71, "status": 2, "success": false, "message": "Desired error not necessarily achieved due to precision loss.", "x": [2.8866271995206425, 2.9838211439790965, -3.115997366273707], "nit": 15}