{"fun": 3.0899660490120717, "jac": [-0.3899390697479248, -1.168896645307541, 0.8483454883098602], "hess_inv": [[0.3243905694506397, 0.30732002812823656, -0.4179366644010576], [0.30732002812823667, 0.32615493374286186, -0.4092683410416913], [-0.41793666440105753, -0.4092683410416913, 0.5887607058149247]], "nfev": 299, "njev": 73, "status": 2, "success": false, "message": "Desired error not necessarily achieved due to precision loss.", "x": [3.006518459075074, 3.0984724678321602, -3.281634903108075], "nit": 17}