{"fun": 3.072767011216281, "jac": [-0.4135091304779053, -1.2410287857055664, 0.9014698266983032], "hess_inv": [[0.31349618868149887, 0.29608025355682366, -0.4019677932535136], [0.2960802535568236, 0.3145896020074443, -0.39285156522462106], [-0.4019677932535135, -0.39285156522462106, 0.5655827589560916]], "nfev": 306, "njev": 74, "status": 2, "success": false, "message": "Desired error not necessarily achieved due to precision loss.", "x": [2.9413502883824183, 3.03115577365168, -3.185138139107597], "nit": 17}