{"fun": 3.085423939043044, "jac": [-0.4027867317199707, -1.2012565732002258, 0.8734250068664551], "hess_inv": [[0.32850389676747815, 0.31277627698291777, -0.42395017185791867], [0.31277627698291777, 0.3329504212192504, -0.41706722834685916], [-0.4239501718579187, -0.4170672283468591, 0.5974164731968831]], "nfev": 357, "njev": 87, "status": 2, "success": false, "message": "Desired error not necessarily achieved due to precision loss.", "x": [2.9695467492753322, 3.070869706283737, -3.2358036277057662], "nit": 17}