{"fun": 3.0636012547062696, "jac": [-0.35879427194595337, -1.1652225852012634, 0.8820196390151978], "hess_inv": [[0.37743183415466897, 0.3444584663413947, -0.4408825107466973], [0.34445846634139465, 0.3477920620963666, -0.41213521241527973], [-0.4408825107466974, -0.41213521241527973, 0.5602325406695324]], "nfev": 274, "njev": 66, "status": 2, "success": false, "message": "Desired error not necessarily achieved due to precision loss.", "x": [3.1224245448384345, 3.1222041819804294, -3.1372513398510606], "nit": 15}