{"fun": 3.0920575857900916, "jac": [-0.4092731475830078, -1.216272234916687, 0.8827457427978516], "hess_inv": [[0.3185212276254446, 0.30311423712960106, -0.4119985572987882], [0.3031142371296011, 0.3236262577964398, -0.4055780252939816], [-0.41199855729878826, -0.4055780252939817, 0.583353537309577]], "nfev": 320, "njev": 78, "status": 2, "success": false, "message": "Desired error not necessarily achieved due to precision loss.", "x": [2.9551452824107103, 3.05875945705552, -3.226743893954343], "nit": 17}