{"fun": 3.0927783553263275, "jac": [-0.4157746434211731, -1.234619379043579, 0.8961174786090851], "hess_inv": [[0.31627498442065055, 0.30088965611814117, -0.40889033179287976], [0.30088965611814117, 0.32142544551164826, -0.40249929241787363], [-0.4088903317928799, -0.40249929241787363, 0.5790569197384465]], "nfev": 316, "njev": 77, "status": 2, "success": false, "message": "Desired error not necessarily achieved due to precision loss.", "x": [2.939477164975593, 3.0434234720577606, -3.205326719241351], "nit": 17}