{"fun": 3.0871403350738174, "jac": [-0.4067763686180115, -1.213844656944275, 0.8813891410827637], "hess_inv": [[0.31924900476869084, 0.3029927822541964, -0.41158659011966947], [0.30299278225419635, 0.3226492995447171, -0.40401414510255645], [-0.4115865901196695, -0.4040141451025565, 0.580953089071184]], "nfev": 324, "njev": 79, "status": 2, "success": false, "message": "Desired error not necessarily achieved due to precision loss.", "x": [2.9612204360836607, 3.0592315804686456, -3.225459829583085], "nit": 17}