{"fun": 3.0844985466786974, "jac": [-0.3974510729312897, -1.1910621225833893, 0.8647262752056122], "hess_inv": [[0.3217222734247849, 0.30467139852625286, -0.4140604574486634], [0.30467139852625286, 0.3235284039516227, -0.4054181694935193], [-0.4140604574486635, -0.4054181694935192, 0.5831636015746886]], "nfev": 338, "njev": 82, "status": 2, "success": false, "message": "Desired error not necessarily achieved due to precision loss.", "x": [2.9851358112733006, 3.077550975997365, -3.251317590546821], "nit": 17}