{"fun": 3.0883469555980545, "jac": [-0.4035934805870056, -1.1999433040618896, 0.8712276220321655], "hess_inv": [[0.32432499592510977, 0.3091060714449508, -0.41987263841336747], [0.3091060714449507, 0.32981131549067344, -0.413708522475275], [-0.4198726384133675, -0.413708522475275, 0.5940401522890739]], "nfev": 304, "njev": 74, "status": 2, "success": false, "message": "Desired error not necessarily achieved due to precision loss.", "x": [2.9675501076778366, 3.0720659034886415, -3.2434830202299327], "nit": 17}