{"fun": 0.5659154929577465, "status": 0, "success": true, "message": "Solution found.", "x": 3.8258404523885496, "nfev": 35, "nit": 35}