{"fun": 0.48823529411764705, "status": 0, "success": true, "message": "Solution found.", "x": 7.381120355397274, "nfev": 9, "nit": 9}