{"fun": 0.32701298701298703, "status": 0, "success": true, "message": "Solution found.", "x": 3.686553503370898, "nfev": 21, "nit": 21}