{"25_11_cluster_0": [1.1112307692307692, 0.014203851389292846], "25_11_cluster_1": [1.1229, 0.013733101582198823], "25_11_cluster_2": [1.135842105263158, 0.013418931935122788], "25_11_cluster_3": [1.1598846153846154, 0.015087668176299335], "25_12_cluster_0": [1.5563529411764705, 0.005892437271147715], "25_12_cluster_1": [1.5216666666666667, 0.006528792353219774], "25_12_cluster_2": [1.3587878787878787, 0.006438842770671568], "25_12_cluster_3": [1.4727878787878788, 0.00656425269299563], "25_21_cluster_0": [1.112942857142857, 0.020442727373418262], "25_21_cluster_1": [1.0791600000000001, 0.016028230004946936], "25_21_cluster_2": [1.0867222222222221, 0.015882747300093536], "25_21_cluster_3": [1.1220588235294118, 0.021121929800732034], "25_22_cluster_0": [1.4960434782608696, 0.006250511473656695], "25_22_cluster_1": [1.4499565217391306, 0.007669636392918115], "25_22_cluster_2": [1.3634594594594593, 0.006235397173383073], "25_22_cluster_3": [1.363388888888889, 0.007882602207750892], "25_31_cluster_0": [1.1288461538461538, 0.012283790829121803], "25_31_cluster_1": [1.2804666666666666, 0.012823147078393311], "25_31_cluster_2": [1.1373250000000001, 0.012869821983144888], "25_31_cluster_3": [1.1896153846153845, 0.01623740171192688], "25_32_cluster_0": [1.5059761904761904, 0.0062394315112995575], "25_32_cluster_1": [1.4188, 0.0066937910013416925], "25_32_cluster_2": [1.3348648648648649, 0.006255975955234743], "25_32_cluster_3": [1.416875, 0.007218294199506599]}