{"fun": 3.0812847843818614, "jac": [-0.4205034077167511, -1.2534521222114563, 0.9110393822193146], "hess_inv": [[0.316151410722984, 0.3001033914254745, -0.40690564920055855], [0.3001033914254745, 0.31997853043710683, -0.39961471234437085], [-0.4069056492005585, -0.39961471234437085, 0.5739762179523461]], "nfev": 351, "njev": 86, "status": 2, "success": false, "message": "Desired error not necessarily achieved due to precision loss.", "x": [2.925010855638071, 3.024685854342776, -3.1737265349888206], "nit": 17}