{"fun": 3.0874623575727767, "jac": [-0.40639421343803406, -1.2080607116222382, 0.8773799240589142], "hess_inv": [[0.31941044732448837, 0.30412667273164423, -0.4129755675456993], [0.30412667273164423, 0.3247673850112702, -0.4067213763259303], [-0.4129755675456993, -0.40672137632593036, 0.5843760107300165]], "nfev": 365, "njev": 89, "status": 2, "success": false, "message": "Desired error not necessarily achieved due to precision loss.", "x": [2.9603193976532416, 3.065030951283911, -3.2325330694649472], "nit": 17}