{"fun": 3.078563824012482, "jac": [-0.40172314643859863, -1.204026222229004, 0.8740979135036469], "hess_inv": [[0.3187016555237104, 0.30168660045276485, -0.40999324096507395], [0.30168660045276485, 0.32058030654929803, -0.4013997204473179], [-0.4099932409650739, -0.40139972044731786, 0.5776874878976312]], "nfev": 366, "njev": 89, "status": 2, "success": false, "message": "Desired error not necessarily achieved due to precision loss.", "x": [2.9716861320363193, 3.064303191491197, -3.2332189265703346], "nit": 17}