{"fun": 3.08796572762007, "jac": [-0.42045047879219055, -1.2522002160549164, 0.9099185764789581], "hess_inv": [[0.31451443781780297, 0.2985478323432584, -0.40502220311556897], [0.29854783234325843, 0.3184784112298346, -0.39781465868800703], [-0.405022203115569, -0.3978146586880071, 0.5718022656897387]], "nfev": 378, "njev": 93, "status": 2, "success": false, "message": "Desired error not necessarily achieved due to precision loss.", "x": [2.926995482242273, 3.0275909053941263, -3.1787035683443956], "nit": 17}