{"fun": 3.091195277342166, "jac": [-0.419943630695343, -1.2503913342952728, 0.9087329506874084], "hess_inv": [[0.3183340663862353, 0.30240604023611833, -0.4101224234796732], [0.30240604023611833, 0.32237654699296564, -0.4029672407476797], [-0.4101224234796732, -0.40296724074767964, 0.5786148276443384]], "nfev": 343, "njev": 84, "status": 2, "success": false, "message": "Desired error not necessarily achieved due to precision loss.", "x": [2.9297844601472565, 3.0303133312590087, -3.1818690639841263], "nit": 17}