{"fun": 3.0838012589976973, "jac": [-0.4223632216453552, -1.2539086937904358, 0.91110959649086], "hess_inv": [[0.3169640468531626, 0.3018384542465085, -0.4093786305740738], [0.30183845424650857, 0.32264593638831784, -0.4033387686890885], [-0.4093786305740738, -0.4033387686890886, 0.5791314161763236]], "nfev": 348, "njev": 85, "status": 2, "success": false, "message": "Desired error not necessarily achieved due to precision loss.", "x": [2.919616304482134, 3.025304256918843, -3.1757733487098134], "nit": 17}