{"fun": 3.0836441749877013, "jac": [-0.41150569915771484, -1.2226747274398804, 0.8883099555969238], "hess_inv": [[0.3219490563249949, 0.3068705073093044, -0.4163413049112178], [0.30687050730930443, 0.3277238824451203, -0.41036678154430806], [-0.41634130491121785, -0.410366781544308, 0.5888429260763555]], "nfev": 308, "njev": 75, "status": 2, "success": false, "message": "Desired error not necessarily achieved due to precision loss.", "x": [2.9459799192709424, 3.0516119567614224, -3.2125264175303436], "nit": 17}