{"fun": 3.0895980551298767, "jac": [-0.3859424889087677, -1.1539802253246307, 0.8372078835964203], "hess_inv": [[0.3260360115818927, 0.30974812833222753, -0.4214618291295647], [0.3097481283322276, 0.32936660062168127, -0.41384926486302065], [-0.4214618291295646, -0.41384926486302065, 0.5952359781513706]], "nfev": 329, "njev": 80, "status": 2, "success": false, "message": "Desired error not necessarily achieved due to precision loss.", "x": [3.014592024554194, 3.111672922092249, -3.301434299841008], "nit": 17}