{"fun": 3.095745427407547, "jac": [-0.40616458654403687, -1.2127813398838043, 0.8818106949329376], "hess_inv": [[0.32259120752236337, 0.3063159409602848, -0.41534790629881363], [0.3063159409602848, 0.32592264369056495, -0.4077385168418023], [-0.4153479062988136, -0.40773851684180235, 0.585041231547192]], "nfev": 333, "njev": 81, "status": 2, "success": false, "message": "Desired error not necessarily achieved due to precision loss.", "x": [2.9661241193842227, 3.063841863455325, -3.226116924494907], "nit": 17}