{"fun": 3.089446327697885, "jac": [-0.4053485095500946, -1.2091628313064575, 0.878217339515686], "hess_inv": [[0.31826750958056854, 0.30213710423710644, -0.41034543595265716], [0.30213710423710644, 0.3218971247134625, -0.40291643270941807], [-0.41034543595265704, -0.40291643270941807, 0.5793277767949571]], "nfev": 264, "njev": 64, "status": 2, "success": false, "message": "Desired error not necessarily achieved due to precision loss.", "x": [2.964886044538655, 3.064178899207308, -3.2311861794259946], "nit": 17}