{"28_11_cluster_0": [1.2997142857142858, 0.007029375583804869], "28_11_cluster_1": [1.2953333333333332, 0.006683592478584023], "28_11_cluster_2": [1.387485294117647, 0.0072620874629759375], "28_11_cluster_3": [1.223142857142857, 0.13616752845252822], "28_12_cluster_0": [1.7018974358974357, 0.005037362662915798], "28_12_cluster_1": [1.601375, 0.005230981572050148], "28_12_cluster_2": [1.6778541666666666, 0.005342816781349722], "28_12_cluster_3": [1.5893636363636363, 0.0066689828979877705], "28_21_cluster_0": [1.3191400000000002, 0.008010202321958138], "28_21_cluster_1": [1.1485, 0.009071410204673714], "28_21_cluster_2": [1.3933461538461538, 0.007801117724694948], "28_21_cluster_3": [1.3512, 0.009599225378472843], "28_22_cluster_0": [1.6286851851851851, 0.004703278064412585], "28_22_cluster_1": [1.5814000000000001, 0.005176620358749025], "28_22_cluster_2": [1.5942142857142858, 0.005698439232512504], "28_22_cluster_3": [1.5538888888888889, 0.007452146493478671], "28_31_cluster_0": [1.4161818181818182, 0.007774401865614941], "28_31_cluster_1": [1.5449000000000002, 0.0074419020349648585], "28_31_cluster_2": [1.507, 0.006979782788953831], "28_31_cluster_3": [1.3886470588235296, 0.009142401719374872], "28_32_cluster_0": [1.447529411764706, 0.006517654229983818], "28_32_cluster_1": [1.528, 0.008351550761096298], "28_32_cluster_2": [1.388125, 0.007080935030099246], "28_32_cluster_3": [1.4561, 0.008249706958078104]}