{"32_11_cluster_0": [1.2033157894736841, 0.010052896389555241], "32_11_cluster_1": [1.21475, 0.010373801055557822], "32_11_cluster_2": [1.138, 0.011750340680324317], "32_11_cluster_3": [1.1661666666666668, 0.013264241785375946], "32_12_cluster_0": [1.652925925925926, 0.004758799332620888], "32_12_cluster_1": [1.9401428571428572, 0.005062686186583287], "32_12_cluster_2": [1.55884126984127, 0.005670081565670516], "32_12_cluster_3": [1.8509333333333333, 0.004514206471746649], "32_21_cluster_0": [1.1447636363636364, 0.011318205395469228], "32_21_cluster_1": [1.282, 0.007996627965656512], "32_21_cluster_2": [1.1006749999999998, 0.014636835130311342], "32_21_cluster_3": [1.15, 0.01469205711462775], "32_22_cluster_0": [1.6059811320754718, 0.004244293080069175], "32_22_cluster_1": [1.755111111111111, 0.0039744047487840165], "32_22_cluster_2": [1.4144307692307694, 0.0054984939839310175], "32_22_cluster_3": [1.38915, 0.0060496601011943395], "32_31_cluster_0": [1.1595849056603775, 0.01036347466813723], "32_31_cluster_1": [1.108857142857143, 0.012651515556153375], "32_31_cluster_2": [1.1261754385964913, 0.01271919235353106], "32_31_cluster_3": [1.1017692307692306, 0.015495469441397923], "32_32_cluster_0": [1.5250923076923077, 0.004511283912186262], "32_32_cluster_1": [1.5195, 0.004643385899234752], "32_32_cluster_2": [1.405695652173913, 0.005968329799477684], "32_32_cluster_3": [1.4205714285714286, 0.006740428944510278]}