{"fun": 3.083972001458073, "jac": [-0.4206506907939911, -1.2497474551200867, 0.9073325395584106], "hess_inv": [[0.30865395912029847, 0.2932044575579366, -0.39832824155291935], [0.2932044575579366, 0.3136770727534637, -0.3918484316489351], [-0.3983282415529193, -0.39184843164893507, 0.5644301500698586]], "nfev": 352, "njev": 86, "status": 2, "success": false, "message": "Desired error not necessarily achieved due to precision loss.", "x": [2.9237488179089013, 3.02797688945176, -3.1829123198612264], "nit": 17}