{"fun": 3.087902500657405, "jac": [-0.4221002459526062, -1.2565068006515503, 0.9132054150104523], "hess_inv": [[0.31104258372706745, 0.2951259191331374, -0.40030335441899917], [0.2951259191331374, 0.31510873483933627, -0.3931637476235112], [-0.4003033544189992, -0.3931637476235112, 0.5653902624867385]], "nfev": 327, "njev": 80, "status": 2, "success": false, "message": "Desired error not necessarily achieved due to precision loss.", "x": [2.9228681600514674, 3.0241737420560697, -3.1732728435215303], "nit": 17}