{"fun": 3.089773701182634, "jac": [-0.41481268405914307, -1.232209324836731, 0.8950640559196472], "hess_inv": [[0.31880662902453394, 0.30349206969059744, -0.41191880284930055], [0.3034920696905975, 0.3241035244531711, -0.4056216132034803], [-0.41191880284930055, -0.40562161320348034, 0.5826279283700107]], "nfev": 327, "njev": 80, "status": 2, "success": false, "message": "Desired error not necessarily achieved due to precision loss.", "x": [2.940827267853577, 3.04523069936699, -3.204552786813528], "nit": 17}