{"fun": 3.0925398961133723, "jac": [-0.4128313660621643, -1.2290398478507996, 0.8933891654014587], "hess_inv": [[0.32449457696331585, 0.3087677899343453, -0.4186199843114255], [0.30876778993434534, 0.32894269271501897, -0.4117386150048612], [-0.41861998431142555, -0.41173861500486114, 0.5903291858936828]], "nfev": 359, "njev": 88, "status": 2, "success": false, "message": "Desired error not necessarily achieved due to precision loss.", "x": [2.947609798694876, 3.049088499923678, -3.206933125889926], "nit": 17}