{"fun": 3.087343951983304, "jac": [-0.405233234167099, -1.2096350491046906, 0.8774679899215698], "hess_inv": [[0.31127097379441915, 0.29482796677809636, -0.4012345912298391], [0.2948279667780963, 0.31429006866042997, -0.39340958161209194], [-0.4012345912298392, -0.3934095816120919, 0.5675299430408929]], "nfev": 366, "njev": 90, "status": 2, "success": false, "message": "Desired error not necessarily achieved due to precision loss.", "x": [2.9648060251824, 3.0619391543134227, -3.233344647193268], "nit": 17}