{"fun": 3.0970260580140545, "jac": [-0.38699713349342346, -1.1624059081077576, 0.8442359268665314], "hess_inv": [[0.3243980006827947, 0.30698804209152963, -0.4172254257194742], [0.3069880420915296, 0.3254469762056114, -0.4080879971769868], [-0.4172254257194741, -0.4080879971769868, 0.5868445151824627]], "nfev": 323, "njev": 79, "status": 2, "success": false, "message": "Desired error not necessarily achieved due to precision loss.", "x": [3.0169958109604624, 3.1067019871707804, -3.2899471530553375], "nit": 17}