{"fun": 3.0912315843584013, "jac": [-0.4090985655784607, -1.2156353890895844, 0.8824103474617004], "hess_inv": [[0.31931782875464565, 0.30397398566753603, -0.41306184820160413], [0.3039739856675361, 0.3245518897869051, -0.40672777068901217], [-0.41306184820160413, -0.4067277706890121, 0.5847754367810336]], "nfev": 364, "njev": 89, "status": 2, "success": false, "message": "Desired error not necessarily achieved due to precision loss.", "x": [2.9552124604315635, 3.059203567961663, -3.2267554452447063], "nit": 17}