{"fun": 3.095106236862256, "jac": [-0.4041747748851776, -1.2046776711940765, 0.8751267492771149], "hess_inv": [[0.3259697725972412, 0.31002430131242387, -0.42083732744531044], [0.31002430131242387, 0.32997249619260033, -0.4136597448746709], [-0.4208373274453105, -0.41365974487467083, 0.5936196508988669]], "nfev": 255, "njev": 61, "status": 2, "success": false, "message": "Desired error not necessarily achieved due to precision loss.", "x": [2.970228060916681, 3.0701512113459914, -3.2386256251719905], "nit": 17}