{"fun": 3.0911337054217176, "jac": [-0.39031025767326355, -1.1698391437530518, 0.8492365479469299], "hess_inv": [[0.3248250116395704, 0.3077437262493078, -0.41835931311717683], [0.3077437262493078, 0.32656914799086034, -0.4096763260183484], [-0.4183593131171769, -0.4096763260183484, 0.5891140918242627]], "nfev": 367, "njev": 90, "status": 2, "success": false, "message": "Desired error not necessarily achieved due to precision loss.", "x": [3.006209143631896, 3.098258986637746, -3.2803059058706836], "nit": 17}