{"fun": 3.0941094452472915, "jac": [-0.40242525935173035, -1.1993683874607086, 0.8718884885311127], "hess_inv": [[0.33180491932520473, 0.3160512409562788, -0.4284902519984164], [0.3160512409562787, 0.3361977263334896, -0.4215723627187764], [-0.4284902519984165, -0.42157236271877646, 0.6036570172854415]], "nfev": 298, "njev": 73, "status": 2, "success": false, "message": "Desired error not necessarily achieved due to precision loss.", "x": [2.9743055306638198, 3.075163947501738, -3.24253666173894], "nit": 17}