{"fun": 3.0975844646630275, "jac": [-0.3934612274169922, -1.180373191833496, 0.857576847076416], "hess_inv": [[0.32601743745864714, 0.30877039423075997, -0.4193162320804253], [0.3087703942307599, 0.3273958422587275, -0.4103992484773603], [-0.41931623208042534, -0.4103992484773603, 0.5895426145660781]], "nfev": 359, "njev": 88, "status": 2, "success": false, "message": "Desired error not necessarily achieved due to precision loss.", "x": [3.000609474457057, 3.0913983360286625, -3.267402146017435], "nit": 17}