{"fun": 3.0946391139854885, "jac": [-0.390690416097641, -1.1666805148124695, 0.8468114733695984], "hess_inv": [[0.3304432583734127, 0.31428169111020016, -0.42722381748606614], [0.31428169111020016, 0.33403064583434083, -0.4197820541370249], [-0.4272238174860661, -0.4197820541370249, 0.6027659287423339]], "nfev": 349, "njev": 86, "status": 2, "success": false, "message": "Desired error not necessarily achieved due to precision loss.", "x": [3.004740176866563, 3.102500074304189, -3.2868225046709307], "nit": 17}