{"fun": 3.0864472277317927, "jac": [-0.3983722925186157, -1.1850970685482025, 0.8607735931873322], "hess_inv": [[0.32715458418918403, 0.312014923038359, -0.4236050392048711], [0.31201492303835904, 0.3328018513236085, -0.4175480129499356], [-0.4236050392048711, -0.4175480129499356, 0.5989629756654835]], "nfev": 344, "njev": 84, "status": 2, "success": false, "message": "Desired error not necessarily achieved due to precision loss.", "x": [2.9798472262505946, 3.0847759435031743, -3.2594068822277196], "nit": 17}