{"fun": 3.085779932285261, "jac": [-0.39000213146209717, -1.1701959371566772, 0.8489413857460022], "hess_inv": [[0.31986252810328736, 0.3026022171650667, -0.41184545370642545], [0.3026022171650667, 0.3212438334458869, -0.4029197881629426], [-0.4118454537064254, -0.4029197881629425, 0.5805639205956817]], "nfev": 329, "njev": 80, "status": 2, "success": false, "message": "Desired error not necessarily achieved due to precision loss.", "x": [3.0046224497261464, 3.0954756759704436, -3.279231110682078], "nit": 17}