{"fun": 3.0920977864065247, "jac": [-0.39458024501800537, -1.1778698563575745, 0.8555299341678619], "hess_inv": [[0.3345328358257926, 0.3185215999484311, -0.432412849507013], [0.3185215999484311, 0.3384269665970137, -0.42517411935189325], [-0.432412849507013, -0.42517411935189325, 0.6093318871430747]], "nfev": 321, "njev": 78, "status": 2, "success": false, "message": "Desired error not necessarily achieved due to precision loss.", "x": [2.9939747289544205, 3.0924977849328688, -3.270041756597402], "nit": 17}