{"fun": 3.0769072089026634, "jac": [-0.4055425822734833, -1.1838732957839966, 0.8559138476848602], "hess_inv": [[0.28610186732139353, 0.27209057997681724, -0.3708207432087227], [0.27209057997681724, 0.29400842862353777, -0.36590273008081203], [-0.3708207432087227, -0.36590273008081203, 0.5308866520902951]], "nfev": 296, "njev": 72, "status": 2, "success": false, "message": "Desired error not necessarily achieved due to precision loss.", "x": [2.9534514274884787, 3.0818402148481363, -3.2750454722118536], "nit": 16}