{"fun": 3.083708481477231, "jac": [-0.41662901639938354, -1.243742823600769, 0.9038476347923279], "hess_inv": [[0.31795319474492345, 0.3015614795339458, -0.4090266185333303], [0.30156147953394585, 0.32110184110269946, -0.4012888585243867], [-0.40902661853333033, -0.40128885852438667, 0.5764768641221706]], "nfev": 370, "njev": 91, "status": 2, "success": false, "message": "Desired error not necessarily achieved due to precision loss.", "x": [2.936742035843682, 3.033416855510111, -3.186395077865362], "nit": 17}