{"fun": 3.0913968268279746, "jac": [-0.4108676016330719, -1.220074474811554, 0.8867362141609192], "hess_inv": [[0.3295413110269607, 0.31453032736046854, -0.4264286982038248], [0.31453032736046854, 0.33545367655626857, -0.42054474629121447], [-0.4264286982038248, -0.4205447462912144, 0.6022477208534894]], "nfev": 340, "njev": 83, "status": 2, "success": false, "message": "Desired error not necessarily achieved due to precision loss.", "x": [2.9512548308433684, 3.056724911706586, -3.2180972564318506], "nit": 17}