{"fun": 3.0671836708791607, "jac": [-0.41890841722488403, -1.2259304523468018, 0.8876931071281433], "hess_inv": [[0.35014026729892955, 0.33688629293042055, -0.45649768662634305], [0.33688629293042066, 0.35958458728434695, -0.4525997214731912], [-0.45649768662634305, -0.4525997214731912, 0.6455301037306544]], "nfev": 334, "njev": 82, "status": 2, "success": false, "message": "Desired error not necessarily achieved due to precision loss.", "x": [2.9190161806056905, 3.043513800901756, -3.2154365027113947], "nit": 16}