{"fun": 3.063731512957, "jac": [-0.42240211367607117, -1.2365010976791382, 0.895465612411499], "hess_inv": [[0.33873248708774123, 0.32520493567196856, -0.4407025668020147], [0.3252049356719685, 0.3476240619357258, -0.4364278607641197], [-0.4407025668020147, -0.4364278607641197, 0.6236694447940935]], "nfev": 361, "njev": 89, "status": 2, "success": false, "message": "Desired error not necessarily achieved due to precision loss.", "x": [2.909260852064881, 3.0335037861706176, -3.201029749434425], "nit": 16}