{"fun": 3.076251752252584, "jac": [-0.4070860743522644, -1.2215191423892975, 0.8873389363288879], "hess_inv": [[0.3186921706377302, 0.3013708423454077, -0.4091343083936775], [0.30137084234540773, 0.31997511777568055, -0.4001461213499098], [-0.40913430839367737, -0.4001461213499098, 0.5754591648980447]], "nfev": 341, "njev": 84, "status": 2, "success": false, "message": "Desired error not necessarily achieved due to precision loss.", "x": [2.958726589805057, 3.04897560802859, -3.2095198175477027], "nit": 17}