{"fun": 3.044395539773653, "jac": [-0.3416590988636017, -1.1230537295341492, 0.8485516905784607], "hess_inv": [[0.39027014579850594, 0.35425827030061735, -0.4544960355497216], [0.35425827030061735, 0.3549100912652009, -0.4222499759933084], [-0.4544960355497216, -0.4222499759933084, 0.5745907938589498]], "nfev": 324, "njev": 79, "status": 2, "success": false, "message": "Desired error not necessarily achieved due to precision loss.", "x": [3.1726497949634065, 3.151846205468076, -3.1840684595001876], "nit": 15}