{"fun": 0.4491525423728814, "status": 0, "success": true, "message": "Solution found.", "x": 5.9714873017574055, "nfev": 33, "nit": 33}