{"fun": 0.4461111111111111, "status": 0, "success": true, "message": "Solution found.", "x": 6.184156950623099, "nfev": 23, "nit": 23}