{"fun": 0.4174683544303798, "status": 0, "success": true, "message": "Solution found.", "x": 2.368324464752992, "nfev": 35, "nit": 35}