{"35_11_cluster_0": [1.1554444444444443, 0.008695380558435396], "35_11_cluster_1": [1.2195471698113207, 0.006229727076645037], "35_11_cluster_2": [1.1949736842105263, 0.00798719750499924], "35_11_cluster_3": [1.1233846153846154, 0.009884187171335785], "35_12_cluster_0": [1.7788125, 0.0054650017683778775], "35_12_cluster_1": [1.8769772727272727, 0.0043007445656750515], "35_12_cluster_2": [1.58695, 0.005142554003452092], "35_12_cluster_3": [1.5444259259259259, 0.006280324639933056], "35_21_cluster_0": [1.1875185185185184, 0.007308055720572776], "35_21_cluster_1": [1.1926363636363637, 0.006816464678382292], "35_21_cluster_2": [1.129695652173913, 0.008430941710140393], "35_21_cluster_3": [1.174904761904762, 0.008965747016101635], "35_22_cluster_0": [1.9842, 0.003397672685794281], "35_22_cluster_1": [1.9668235294117646, 0.0033050170553997837], "35_22_cluster_2": [1.7148095238095238, 0.003970368047846271], "35_22_cluster_3": [1.6142631578947368, 0.0051276640630235105], "35_31_cluster_0": [1.0692333333333333, 0.011138942425418626], "35_31_cluster_1": [1.0591428571428572, 0.008720061185316357], "35_31_cluster_2": [1.1008125, 0.01501886434049082], "35_31_cluster_3": [1.1054761904761903, 0.011433141441836311], "35_32_cluster_0": [2.025333333333333, 0.003488178302816812], "35_32_cluster_1": [2.0555, 0.0034867428287908243], "35_32_cluster_2": [1.7542083333333331, 0.004498639190907299], "35_32_cluster_3": [1.7296538461538462, 0.005301470132409291]}