{"fun": 3.0862908732290695, "jac": [-0.4150703549385071, -1.2338777482509613, 0.8954461514949799], "hess_inv": [[0.310164042522384, 0.2946012230520231, -0.4005348301259243], [0.2946012230520231, 0.3149546035646977, -0.39390085121229607], [-0.4005348301259243, -0.3939008512122961, 0.5676299467916966]], "nfev": 312, "njev": 76, "status": 2, "success": false, "message": "Desired error not necessarily achieved due to precision loss.", "x": [2.9383658801664665, 3.041709457634688, -3.2035648835501584], "nit": 17}