{"fun": 3.088041158241356, "jac": [-0.42038634419441223, -1.2485825717449188, 0.9065952003002167], "hess_inv": [[0.31276441205108235, 0.29735921582604796, -0.40384603802587676], [0.29735921582604796, 0.31787701572692245, -0.3974260978711629], [-0.4038460380258768, -0.39742609787116284, 0.5718386690313813]], "nfev": 338, "njev": 83, "status": 2, "success": false, "message": "Desired error not necessarily achieved due to precision loss.", "x": [2.926308796814792, 3.03040727244318, -3.185774059092057], "nit": 17}