{"fun": 3.092996525931685, "jac": [-0.40086865425109863, -1.1964515149593353, 0.8683149814605713], "hess_inv": [[0.3217525044243829, 0.3054273368085371, -0.41526258691174056], [0.30542733680853706, 0.3250111201008877, -0.40759786635368095], [-0.41526258691174067, -0.4075978663536809, 0.5863103476747136]], "nfev": 323, "njev": 79, "status": 2, "success": false, "message": "Desired error not necessarily achieved due to precision loss.", "x": [2.978459651151353, 3.0756628255672918, -3.2503016597208676], "nit": 17}