{"fun": 3.086433926569958, "jac": [-0.3903225362300873, -1.1720669269561768, 0.8511218428611755], "hess_inv": [[0.32650586849924357, 0.30912954952387944, -0.4200158792012521], [0.30912954952387944, 0.3276748276130818, -0.4109535538622336], [-0.420015879201252, -0.41095355386223353, 0.5905888837834941]], "nfev": 321, "njev": 78, "status": 2, "success": false, "message": "Desired error not necessarily achieved due to precision loss.", "x": [3.005484674074423, 3.094913609053944, -3.27434396469754], "nit": 17}