{"fun": 3.0897611533313643, "jac": [-0.4029504358768463, -1.2026610672473907, 0.8731995820999146], "hess_inv": [[0.3238290786778367, 0.3075894757796513, -0.4178640485334851], [0.3075894757796513, 0.3272619133128209, -0.41031451338426145], [-0.41786404853348497, -0.41031451338426145, 0.5895540927520476]], "nfev": 325, "njev": 80, "status": 2, "success": false, "message": "Desired error not necessarily achieved due to precision loss.", "x": [2.9719331966611553, 3.069651038787771, -3.240167375208583], "nit": 17}