{"fun": 3.088932211700156, "jac": [-0.4160863757133484, -1.2359400987625122, 0.8975770473480225], "hess_inv": [[0.3158232015260313, 0.30047682437375606, -0.40798278269037125], [0.30047682437375606, 0.3210549841198952, -0.40164290838783], [-0.40798278269037125, -0.40164290838783, 0.5774348863705815]], "nfev": 316, "njev": 77, "status": 2, "success": false, "message": "Desired error not necessarily achieved due to precision loss.", "x": [2.937210035050642, 3.0415741057130297, -3.200430071712689], "nit": 17}