{"fun": 3.0917405737391555, "jac": [-0.383628249168396, -1.1467987298965454, 0.8324425518512726], "hess_inv": [[0.33524603903994493, 0.31914135689204826, -0.43379024363785446], [0.31914135689204826, 0.3389480938944764, -0.42642645420194675], [-0.4337902436378545, -0.42642645420194675, 0.6117435157632134]], "nfev": 311, "njev": 76, "status": 2, "success": false, "message": "Desired error not necessarily achieved due to precision loss.", "x": [3.021584273523559, 3.119383522720417, -3.3097846912596527], "nit": 17}