{"fun": 3.0951494118696683, "jac": [-0.39230239391326904, -1.1716718673706055, 0.8501501679420471], "hess_inv": [[0.3286216868264482, 0.31233991667933436, -0.4248014178395987], [0.3123399166793343, 0.3319662560487567, -0.4171969641651503], [-0.42480141783959874, -0.4171969641651503, 0.5995445397248225]], "nfev": 345, "njev": 85, "status": 2, "success": false, "message": "Desired error not necessarily achieved due to precision loss.", "x": [3.000941922455586, 3.0978719903103165, -3.281859355303416], "nit": 17}