{"fun": 3.0886317299969797, "jac": [-0.3917995095252991, -1.170857459306717, 0.8494255542755127], "hess_inv": [[0.32232526475044737, 0.30600038551209185, -0.41636825356013446], [0.3060003855120918, 0.3255816707509729, -0.40870491151142246], [-0.41636825356013446, -0.40870491151142246, 0.5882458051091792]], "nfev": 327, "njev": 80, "status": 2, "success": false, "message": "Desired error not necessarily achieved due to precision loss.", "x": [2.9991966333769686, 3.0963157861826978, -3.2803702568874016], "nit": 17}