{"fun": 3.088345843968537, "jac": [-0.38018280267715454, -1.1427000164985657, 0.8298327326774597], "hess_inv": [[0.3363941561916202, 0.31908674019027333, -0.43350211918371184], [0.3190867401902733, 0.3377011105464262, -0.42453368699903116], [-0.43350211918371184, -0.4245336869990311, 0.6089794242934427]], "nfev": 340, "njev": 83, "status": 2, "success": false, "message": "Desired error not necessarily achieved due to precision loss.", "x": [3.0324736844628264, 3.1217632088197895, -3.3111877604189486], "nit": 17}