{"fun": 3.0839982584484984, "jac": [-0.4150083661079407, -1.238024652004242, 0.8994607329368591], "hess_inv": [[0.32059160105378953, 0.30441755199948484, -0.4130245228622709], [0.3044175519994848, 0.3241617134352094, -0.40556287890672676], [-0.4130245228622709, -0.40556287890672676, 0.5824004431366049]], "nfev": 277, "njev": 67, "status": 2, "success": false, "message": "Desired error not necessarily achieved due to precision loss.", "x": [2.9397834421147673, 3.038112783305578, -3.193933637508654], "nit": 17}