{"fun": 3.094016190757348, "jac": [-0.39676329493522644, -1.1909779012203217, 0.8651501834392548], "hess_inv": [[0.320908543209533, 0.3034811877293883, -0.41226430609721565], [0.3034811877293883, 0.3219244016479388, -0.40310306897508696], [-0.4122643060972156, -0.40310306897508696, 0.5798151656385849]], "nfev": 351, "njev": 86, "status": 2, "success": false, "message": "Desired error not necessarily achieved due to precision loss.", "x": [2.9908642582939704, 3.080712132344741, -3.253304595651887], "nit": 17}