{"fun": 3.0800215028310323, "jac": [-0.41373562812805176, -1.2347826957702637, 0.8969466388225555], "hess_inv": [[0.31358153566957414, 0.2973250559261308, -0.4036235202485717], [0.29732505592613084, 0.31698453286091194, -0.3960500299085575], [-0.40362352024857173, -0.3960500299085575, 0.569789092274053]], "nfev": 269, "njev": 65, "status": 2, "success": false, "message": "Desired error not necessarily achieved due to precision loss.", "x": [2.9410067139689566, 3.039378392898129, -3.1964091502233756], "nit": 17}