{"fun": 3.0889827544491193, "jac": [-0.40904906392097473, -1.2196992337703705, 0.8864354193210602], "hess_inv": [[0.32788002459431465, 0.3118823261970804, -0.4229200727847402], [0.31188232619708034, 0.33180652327634313, -0.4156981656789824], [-0.4229200727847402, -0.4156981656789823, 0.5958376904420475]], "nfev": 291, "njev": 71, "status": 2, "success": false, "message": "Desired error not necessarily achieved due to precision loss.", "x": [2.9566531439144375, 3.055739137360445, -3.216875811137732], "nit": 17}