{"fun": 3.086841938889697, "jac": [-0.4125737249851227, -1.2252178490161896, 0.8904305398464203], "hess_inv": [[0.3233771820028602, 0.30834896263608497, -0.4181309999919498], [0.3083489626360849, 0.3292553005066049, -0.41222408595041166], [-0.41813099999194975, -0.41222408595041166, 0.5910761362544191]], "nfev": 313, "njev": 76, "status": 2, "success": false, "message": "Desired error not necessarily achieved due to precision loss.", "x": [2.9448782658032684, 3.05080477511864, -3.2101384815257066], "nit": 17}