{"fun": 3.076583064260463, "jac": [-0.39944693446159363, -1.1996967792510986, 0.8715923130512238], "hess_inv": [[0.32513034965224563, 0.3077947318842747, -0.41777939562494343], [0.30779473188427475, 0.3263847070865418, -0.4087723087274182], [-0.4177793956249434, -0.4087723087274182, 0.5870698386182394]], "nfev": 311, "njev": 76, "status": 2, "success": false, "message": "Desired error not necessarily achieved due to precision loss.", "x": [2.9782243386387464, 3.0679487647538974, -3.2351684208110805], "nit": 17}