{"fun": 3.0892429752610715, "jac": [-0.4317246079444885, -1.2843415439128876, 0.933522641658783], "hess_inv": [[0.3089334353990135, 0.29299470744646305, -0.39727208591816315], [0.2929947074464631, 0.31295611781155047, -0.3901013930777807], [-0.3972720859181632, -0.3901013930777807, 0.561052854304507]], "nfev": 299, "njev": 73, "status": 2, "success": false, "message": "Desired error not necessarily achieved due to precision loss.", "x": [2.9003296265733436, 3.0015655045726755, -3.1417314695595193], "nit": 17}