{"fun": 3.0900384071754847, "jac": [-0.4151218831539154, -1.2322497069835663, 0.8954840004444122], "hess_inv": [[0.3208414733047482, 0.30573855252308135, -0.4146534247649576], [0.3057385525230813, 0.32656854789908635, -0.40864444846613274], [-0.4146534247649577, -0.4086444484661327, 0.5863072254072128]], "nfev": 346, "njev": 85, "status": 2, "success": false, "message": "Desired error not necessarily achieved due to precision loss.", "x": [2.9400833871875602, 3.0457942594739293, -3.203504804121737], "nit": 17}