{"fun": 3.094493338863624, "jac": [-0.395122766494751, -1.179963231086731, 0.8558717370033264], "hess_inv": [[0.32145425184372106, 0.30505238084638925, -0.41518427309852957], [0.30505238084638925, 0.324554848967309, -0.40741612478108163], [-0.41518427309852957, -0.4074161247810816, 0.5866352934083043]], "nfev": 375, "njev": 92, "status": 2, "success": false, "message": "Desired error not necessarily achieved due to precision loss.", "x": [2.993385803979776, 3.0899954211330414, -3.2724538883140086], "nit": 17}