{"34_11_cluster_0": [1.30225, 0.014175985244846132], "34_11_cluster_1": [1.3084166666666668, 0.011636373913256094], "34_11_cluster_2": [1.2384545454545455, 0.013567726107194679], "34_11_cluster_3": [1.2765454545454544, 0.01388444931645801], "34_12_cluster_0": [1.6851290322580645, 0.008082285250963283], "34_12_cluster_1": [1.8176428571428571, 0.005623656545250125], "34_12_cluster_2": [1.48485, 0.007956107125506064], "34_12_cluster_3": [1.682325, 0.00744338810186187], "34_21_cluster_0": [1.4344827586206899, 0.01377816901685151], "34_21_cluster_1": [1.4771489361702126, 0.0107165741949795], "34_21_cluster_2": [1.4995, 0.014159415455413087], "34_21_cluster_3": [1.758722222222222, 0.01002148944812768], "34_22_cluster_0": [1.7739615384615386, 0.007826393228948597], "34_22_cluster_1": [1.7772999999999999, 0.006192044366766445], "34_22_cluster_2": [1.6077777777777778, 0.008529017980307118], "34_22_cluster_3": [1.6731578947368422, 0.00925859780944392], "34_31_cluster_0": [1.4391800000000001, 0.011647480137485294], "34_31_cluster_1": [1.3757692307692306, 0.010307192695195378], "34_31_cluster_2": [1.5355652173913044, 0.01138413079541448], "34_31_cluster_3": [1.3823125, 0.011828618169044385], "34_32_cluster_0": [1.6639666666666666, 0.006834009077354357], "34_32_cluster_1": [1.7983823529411767, 0.006206168421546613], "34_32_cluster_2": [1.5249428571428572, 0.008567825654311887], "34_32_cluster_3": [1.5506774193548387, 0.00811981554186424]}