{"fun": 0.24682926829268292, "status": 0, "success": true, "message": "Solution found.", "x": 2.4570724506346293, "nfev": 24, "nit": 24}