{"fun": 0.2473170731707317, "status": 0, "success": true, "message": "Solution found.", "x": 2.332407899844423, "nfev": 34, "nit": 34}