{"fun": 3.090254926130874, "jac": [-0.3864230513572693, -1.1615360975265503, 0.843586266040802], "hess_inv": [[0.3240242807881486, 0.3066252337370519, -0.41673418489479724], [0.3066252337370519, 0.32509555805852847, -0.40761184156085795], [-0.41673418489479724, -0.407611841560858, 0.5861998396179285]], "nfev": 363, "njev": 89, "status": 2, "success": false, "message": "Desired error not necessarily achieved due to precision loss.", "x": [3.015510036200359, 3.105243508342741, -3.2880085211769994], "nit": 17}