{"fun": 3.0554628063477027, "jac": [-0.3687359392642975, -1.200044721364975, 0.9095660150051117], "hess_inv": [[0.37509265647426715, 0.3415565001758343, -0.43607767352138166], [0.3415565001758343, 0.34439940981852346, -0.40674803710532503], [-0.43607767352138155, -0.4067480371053251, 0.5520967863973517]], "nfev": 325, "njev": 79, "status": 2, "success": false, "message": "Desired error not necessarily achieved due to precision loss.", "x": [3.0922490886519105, 3.0894809273962465, -3.088630298379844], "nit": 15}