{"fun": 3.0984881981954535, "jac": [-0.49557065963745117, -1.4281891584396362, 1.0323822498321533], "hess_inv": [[0.27750680215547224, 0.2648408122329072, -0.3599386482967902], [0.2648408122329072, 0.28809498785580784, -0.3567857295662901], [-0.3599386482967901, -0.3567857295662902, 0.5169739250392562]], "nfev": 330, "njev": 81, "status": 2, "success": false, "message": "Desired error not necessarily achieved due to precision loss.", "x": [2.752714257512523, 2.890751634706225, -3.010965142013396], "nit": 15}