{"fun": 3.086882761973288, "jac": [-0.4108600616455078, -1.2209307551383972, 0.8869539499282837], "hess_inv": [[0.3225367243927687, 0.3073639502562537, -0.41708337954240365], [0.30736395025625385, 0.32812016504612335, -0.4109801509840123], [-0.41708337954240354, -0.4109801509840123, 0.5897752018294775]], "nfev": 311, "njev": 76, "status": 2, "success": false, "message": "Desired error not necessarily achieved due to precision loss.", "x": [2.94915868276132, 3.0540200050821573, -3.216277499777661], "nit": 17}