{"fun": 3.087954858726905, "jac": [-0.4129127264022827, -1.2298388183116913, 0.8939901292324066], "hess_inv": [[0.3178950461294581, 0.3020662681077568, -0.4096179520522854], [0.3020662681077568, 0.32213803932843393, -0.40259779109100174], [-0.4096179520522854, -0.40259779109100174, 0.5780514390303594]], "nfev": 355, "njev": 87, "status": 2, "success": false, "message": "Desired error not necessarily achieved due to precision loss.", "x": [2.945378408549527, 3.0469181725013206, -3.2038360174078004], "nit": 17}