{"fun": 3.051922518721768, "jac": [-0.3720720410346985, -1.2093002796173096, 0.9162609279155731], "hess_inv": [[0.362145017375475, 0.32941627872622076, -0.42085593457869364], [0.32941627872622076, 0.3330121116319263, -0.39247405512454864], [-0.4208559345786937, -0.3924740551245487, 0.5341829679602798]], "nfev": 320, "njev": 78, "status": 2, "success": false, "message": "Desired error not necessarily achieved due to precision loss.", "x": [3.0798312871888016, 3.0799449335456424, -3.0774394283128643], "nit": 15}