{"fun": 3.0980353749057583, "jac": [-0.3889857828617096, -1.16750967502594, 0.8479239344596863], "hess_inv": [[0.3253352900873777, 0.30804700408559976, -0.41862803940442156], [0.3080470040855998, 0.3266288653680723, -0.4096555605530633], [-0.41862803940442145, -0.40965556055306335, 0.5889213405812807]], "nfev": 292, "njev": 71, "status": 2, "success": false, "message": "Desired error not necessarily achieved due to precision loss.", "x": [3.0121062624645902, 3.1025399742608704, -3.28430607234062], "nit": 17}