{"fun": 3.084442019468968, "jac": [-0.40661704540252686, -1.2191253304481506, 0.8855416178703308], "hess_inv": [[0.32372643276668545, 0.30644337368812424, -0.4160050150376551], [0.3064433736881243, 0.32508525268754995, -0.4070684336833583], [-0.41600501503765513, -0.4070684336833583, 0.584832308143038]], "nfev": 311, "njev": 76, "status": 2, "success": false, "message": "Desired error not necessarily achieved due to precision loss.", "x": [2.963497655615679, 3.053661742495974, -3.216276137867361], "nit": 17}