{"fun": 3.090203757136652, "jac": [-0.41657108068466187, -1.2369693219661713, 0.8985100388526917], "hess_inv": [[0.321905553409249, 0.30671034609817255, -0.4162070212064469], [0.3067103460981725, 0.3274440857825011, -0.4100733164182861], [-0.41620702120644704, -0.41007331641828604, 0.5885598989822882]], "nfev": 305, "njev": 75, "status": 2, "success": false, "message": "Desired error not necessarily achieved due to precision loss.", "x": [2.9366393268337605, 3.0413475104594214, -3.199252991420814], "nit": 17}