{"fun": 3.1012197446371896, "jac": [-0.3837752342224121, -1.1524509191513062, 0.8371061086654663], "hess_inv": [[0.3301060707040566, 0.3127815762872406, -0.4249797249420339], [0.3127815762872406, 0.331327394785703, -0.41595850738869744], [-0.4249797249420339, -0.41595850738869744, 0.59737933538714]], "nfev": 363, "njev": 89, "status": 2, "success": false, "message": "Desired error not necessarily achieved due to precision loss.", "x": [3.027110589068461, 3.11710686545831, -3.303786542048238], "nit": 17}