{"fun": 3.0859634515841012, "jac": [-0.3917880058288574, -1.1760638356208801, 0.8542237877845764], "hess_inv": [[0.3317718574513068, 0.31451703898775657, -0.427079642201439], [0.31451703898775657, 0.33318630359849505, -0.41818194067123904], [-0.42707964220143907, -0.41818194067123904, 0.6000672123524821]], "nfev": 343, "njev": 84, "status": 2, "success": false, "message": "Desired error not necessarily achieved due to precision loss.", "x": [3.001526756977597, 3.0915004199346425, -3.268641902017595], "nit": 17}