{"fun": 3.056341679291635, "jac": [-0.35504522919654846, -1.1561432480812073, 0.8764849007129669], "hess_inv": [[0.3853223186574827, 0.3516711815034855, -0.4491070164080885], [0.3516711815034855, 0.3543823603152395, -0.41960274652441104], [-0.44910701640808853, -0.41960274652441104, 0.5686236540280181]], "nfev": 366, "njev": 90, "status": 2, "success": false, "message": "Desired error not necessarily achieved due to precision loss.", "x": [3.131846517659575, 3.129335088110916, -3.1403719790731537], "nit": 15}