{"fun": 3.0777817823527434, "jac": [-0.4439423084259033, -1.291189968585968, 0.9312137365341187], "hess_inv": [[0.3304485745375609, 0.3176734390782929, -0.4334271628569355], [0.3176734390782929, 0.34084487351857395, -0.43022522099929583], [-0.4334271628569355, -0.4302252209992959, 0.6191497033602212]], "nfev": 366, "njev": 90, "status": 2, "success": false, "message": "Desired error not necessarily achieved due to precision loss.", "x": [2.8615470312323046, 2.9892804407460885, -3.156965542750635], "nit": 18}