{"fun": 3.091599337029215, "jac": [-0.42628562450408936, -1.264708250761032, 0.9189053773880005], "hess_inv": [[0.31513632645042233, 0.2998834500439286, -0.40677226504045016], [0.2998834500439285, 0.32056016472727256, -0.4005578074204711], [-0.4067722650404503, -0.4005578074204711, 0.5754244242677434]], "nfev": 317, "njev": 78, "status": 2, "success": false, "message": "Desired error not necessarily achieved due to precision loss.", "x": [2.9137836105651402, 3.0187506579873444, -3.166989972374271], "nit": 17}