{"fun": 3.050739215539514, "jac": [-0.3659078776836395, -1.1920750439167023, 0.9035554230213165], "hess_inv": [[0.3730098505020367, 0.3394673131651807, -0.43348385267922923], [0.3394673131651806, 0.3423084385018886, -0.40414979021994846], [-0.4334838526792293, -0.4041497902199484, 0.5488718257019307]], "nfev": 292, "njev": 71, "status": 2, "success": false, "message": "Desired error not necessarily achieved due to precision loss.", "x": [3.098374609331588, 3.09493901880405, -3.0956998700392226], "nit": 15}