{"fun": 3.0984174508414277, "jac": [-0.39439836144447327, -1.1725422739982605, 0.8513129651546478], "hess_inv": [[0.3318003261955063, 0.3166395929405732, -0.43015283170622326], [0.3166395929405732, 0.33740244886248694, -0.42406890205238945], [-0.4301528317062232, -0.42406890205238956, 0.6081729879256429]], "nfev": 366, "njev": 90, "status": 2, "success": false, "message": "Desired error not necessarily achieved due to precision loss.", "x": [2.995021539856221, 3.099342801639973, -3.2812266629780487], "nit": 17}