{"fun": 3.0748905358869454, "jac": [-0.4310917258262634, -1.2581953406333923, 0.90997713804245], "hess_inv": [[0.3356816740627794, 0.3223184235991167, -0.4376036223573752], [0.32231842359911667, 0.34489562639258947, -0.43355689534769665], [-0.43760362235737515, -0.4335568953476966, 0.6208403904842348]], "nfev": 365, "njev": 90, "status": 2, "success": false, "message": "Desired error not necessarily achieved due to precision loss.", "x": [2.8924004759778663, 3.017884219051631, -3.184933296061494], "nit": 16}