{"fun": 3.0570525947278444, "jac": [-0.3720574975013733, -1.2098413705825806, 0.9170178771018982], "hess_inv": [[0.36768714826242926, 0.3344945814723171, -0.42704994865104307], [0.3344945814723171, 0.3376641691587135, -0.39813721254470025], [-0.42704994865104307, -0.39813721254470025, 0.5410870392679011]], "nfev": 334, "njev": 82, "status": 2, "success": false, "message": "Desired error not necessarily achieved due to precision loss.", "x": [3.0832437407671422, 3.0814746834727664, -3.0779338723083094], "nit": 15}