{"fun": 3.08705337395254, "jac": [-0.4095849394798279, -1.2201951742172241, 0.8873178958892822], "hess_inv": [[0.32543560871985217, 0.3097734090266929, -0.4197449897752944], [0.3097734090266929, 0.3300159939293978, -0.41295080576164683], [-0.41974498977529434, -0.4129508057616468, 0.5916568203289259]], "nfev": 342, "njev": 84, "status": 2, "success": false, "message": "Desired error not necessarily achieved due to precision loss.", "x": [2.9532829468116617, 3.0552493824865157, -3.2137140926621153], "nit": 17}