{"fun": 3.0874826277989857, "jac": [-0.3977915942668915, -1.194554090499878, 0.8678822219371796], "hess_inv": [[0.31775960552936644, 0.3003651205143374, -0.4079543545919987], [0.3003651205143374, 0.3188418867938576, -0.3988371683554853], [-0.4079543545919986, -0.3988371683554853, 0.573918084103996]], "nfev": 341, "njev": 83, "status": 2, "success": false, "message": "Desired error not necessarily achieved due to precision loss.", "x": [2.9853355993053516, 3.075614364264736, -3.245609957047958], "nit": 17}