{"fun": 3.0902996097414412, "jac": [-0.42290163040161133, -1.254749596118927, 0.9116126000881195], "hess_inv": [[0.31921179558830204, 0.30408645462362294, -0.41247377779026356], [0.30408645462362294, 0.32489361077062034, -0.4064347618320844], [-0.4124737777902636, -0.4064347618320844, 0.5833917303766362]], "nfev": 351, "njev": 86, "status": 2, "success": false, "message": "Desired error not necessarily achieved due to precision loss.", "x": [2.9212406391633428, 3.0266306238887974, -3.17810861761766], "nit": 17}