{"fun": 3.0955521694785464, "jac": [-0.4119982123374939, -1.2272236943244934, 0.8912243843078613], "hess_inv": [[0.31768615753952134, 0.30161617951199127, -0.40964880667564463], [0.30161617951199127, 0.32143714443950994, -0.4023018872044966], [-0.4096488066756446, -0.40230188720449656, 0.578503967334607]], "nfev": 392, "njev": 96, "status": 2, "success": false, "message": "Desired error not necessarily achieved due to precision loss.", "x": [2.9509445047214715, 3.0506122573268395, -3.213007902848447], "nit": 17}