{"fun": 3.0618047743768275, "jac": [-0.42440465092658997, -1.2310035824775696, 0.8917480409145355], "hess_inv": [[0.34009700992226466, 0.328776304679341, -0.4453536217736627], [0.328776304679341, 0.35350650059942523, -0.44411179351859975], [-0.4453536217736627, -0.4441117935185998, 0.633702898015505]], "nfev": 353, "njev": 87, "status": 2, "success": false, "message": "Desired error not necessarily achieved due to precision loss.", "x": [2.900944571893911, 3.039282306168021, -3.207780024076237], "nit": 16}