{"fun": 3.069153958493651, "jac": [-0.4111995995044708, -1.1925275027751923, 0.8636880815029144], "hess_inv": [[0.2921865675072106, 0.27968518458229413, -0.3800649296847017], [0.27968518458229413, 0.30320422229554717, -0.3772134955468703], [-0.3800649296847016, -0.3772134955468702, 0.5447338261773076]], "nfev": 376, "njev": 92, "status": 2, "success": false, "message": "Desired error not necessarily achieved due to precision loss.", "x": [2.935328315967087, 3.074628661512737, -3.257584631821802], "nit": 16}