{"fun": 3.041357452355291, "jac": [-0.34924909472465515, -1.1466578245162964, 0.8655900061130524], "hess_inv": [[0.37421888544139353, 0.33894559875117347, -0.43543499249033535], [0.3389455987511734, 0.34029717562927136, -0.4040614269722481], [-0.4354349924903354, -0.4040614269722481, 0.5519467689523729]], "nfev": 348, "njev": 85, "status": 2, "success": false, "message": "Desired error not necessarily achieved due to precision loss.", "x": [3.147708284922161, 3.1283507766649, -3.1567267357730966], "nit": 15}