{"fun": 3.060432729054538, "jac": [-0.42395004630088806, -1.2298450767993927, 0.8907045125961304], "hess_inv": [[0.3433556505182409, 0.33212288751829366, -0.44999719576188585], [0.33212288751829366, 0.3569415167900973, -0.44887825068729686], [-0.4499971957618859, -0.4488782506872968, 0.6403033910365845]], "nfev": 294, "njev": 71, "status": 2, "success": false, "message": "Desired error not necessarily achieved due to precision loss.", "x": [2.901266821076082, 3.039592611924746, -3.209166501233441], "nit": 16}