{"fun": 3.0398082009176224, "jac": [-0.3430812656879425, -1.1285565197467804, 0.8528984487056732], "hess_inv": [[0.3905490560834434, 0.35439247773380045, -0.45446628021576424], [0.35439247773380045, 0.3549164163912956, -0.4220655657704239], [-0.4544662802157643, -0.4220655657704239, 0.574125306661905]], "nfev": 303, "njev": 74, "status": 2, "success": false, "message": "Desired error not necessarily achieved due to precision loss.", "x": [3.1667208699022416, 3.1454095175270895, -3.1746082150032557], "nit": 15}