{"fun": 3.0463524658013936, "jac": [-0.3834115266799927, -1.133451670408249, 0.8188102841377258], "hess_inv": [[0.3563157197428551, 0.3415524102348957, -0.4651342939634402], [0.3415524102348957, 0.36283592740252546, -0.45932037219367683], [-0.46513429396344014, -0.4593203721936768, 0.6578860634414079]], "nfev": 333, "njev": 81, "status": 2, "success": false, "message": "Desired error not necessarily achieved due to precision loss.", "x": [3.0035086074656454, 3.115190863614519, -3.3246547305396312], "nit": 18}