{"fun": 3.0542959247704866, "jac": [-0.3616065979003906, -1.1757397055625916, 0.8900812268257141], "hess_inv": [[0.36563110413506644, 0.3329113837209204, -0.42607654776248083], [0.33291138372092033, 0.33650048530486826, -0.3976586266187859], [-0.4260765477624809, -0.3976586266187859, 0.5416876070234704]], "nfev": 337, "njev": 82, "status": 2, "success": false, "message": "Desired error not necessarily achieved due to precision loss.", "x": [3.110349903950577, 3.1096891626696044, -3.1202118474782474], "nit": 15}