{"fun": 3.042261320777521, "jac": [-0.34365084767341614, -1.131107211112976, 0.854610800743103], "hess_inv": [[0.38578308726366833, 0.3495517511572509, -0.44848588945908036], [0.34955175115725096, 0.3500223947003098, -0.4160102605862198], [-0.4484858894590804, -0.4160102605862198, 0.5666450514568365]], "nfev": 346, "njev": 84, "status": 2, "success": false, "message": "Desired error not necessarily achieved due to precision loss.", "x": [3.166715561665296, 3.143511405446296, -3.1731482647330504], "nit": 15}