{"fun": 3.085015802473884, "jac": [-0.41263246536254883, -1.231288492679596, 0.8954506516456604], "hess_inv": [[0.32518077881354845, 0.3090214408236094, -0.4186329337237048], [0.30902144082360933, 0.328800611782052, -0.4112097958664785], [-0.4186329337237048, -0.41120979586647843, 0.5892502023235859]], "nfev": 359, "njev": 88, "status": 2, "success": false, "message": "Desired error not necessarily achieved due to precision loss.", "x": [2.9472004287460285, 3.045178089995826, -3.1995511199494855], "nit": 17}