{"fun": 3.076763679830515, "jac": [-0.39644983410835266, -1.190977394580841, 0.8650866746902466], "hess_inv": [[0.3243497904368113, 0.306977851793617, -0.4168521938966091], [0.306977851793617, 0.3255296944218009, -0.40779570680441934], [-0.4168521938966091, -0.4077957068044193, 0.5859837549777138]], "nfev": 320, "njev": 78, "status": 2, "success": false, "message": "Desired error not necessarily achieved due to precision loss.", "x": [2.985779917418891, 3.075400548179091, -3.246275728855762], "nit": 17}