{"fun": 3.082125643684697, "jac": [-0.40426701307296753, -1.2129290699958801, 0.8810198605060577], "hess_inv": [[0.3189813268371624, 0.30156627412868564, -0.40951632802574994], [0.3015662741286857, 0.32007461960422634, -0.4004008943551007], [-0.40951632802575, -0.4004008943551007, 0.5759614680526962]], "nfev": 354, "njev": 86, "status": 2, "success": false, "message": "Desired error not necessarily achieved due to precision loss.", "x": [2.968456076775139, 3.0581519068864127, -3.222565963753338], "nit": 17}