{"fun": 2.707621709072364, "jac": [-0.3613656461238861, -1.2185897529125214, 0.9422889351844788], "hess_inv": [[0.3684110283561133, 0.33119842840463554, -0.4198657728827926], [0.33119842840463565, 0.33218058816008345, -0.3887228720201105], [-0.4198657728827924, -0.3887228720201105, 0.5268654050778991]], "nfev": 340, "njev": 83, "status": 2, "success": false, "message": "Desired error not necessarily achieved due to precision loss.", "x": [3.023561403223264, 2.982324881749523, -2.869153782601154], "nit": 17}