{"fun": 3.0847817018059844, "jac": [-0.3974204659461975, -1.191432148218155, 0.86490598320961], "hess_inv": [[0.3194830184188873, 0.30230750921115984, -0.4109510774057914], [0.3023075092111599, 0.3210385329618951, -0.40214009253771954], [-0.4109510774057913, -0.4021400925377195, 0.5788507608418448]], "nfev": 333, "njev": 82, "status": 2, "success": false, "message": "Desired error not necessarily achieved due to precision loss.", "x": [2.985511762866004, 3.077164789500928, -3.2512201551079745], "nit": 17}