{"fun": 3.0872070632103363, "jac": [-0.4111321270465851, -1.1898100078105927, 0.8609950840473175], "hess_inv": [[0.2842770118199098, 0.2718272424648931, -0.3700647587950947], [0.2718272424648931, 0.29530291644588114, -0.36722950943875277], [-0.3700647587950947, -0.36722950943875277, 0.5320167019304918]], "nfev": 320, "njev": 78, "status": 2, "success": false, "message": "Desired error not necessarily achieved due to precision loss.", "x": [2.939261944382947, 3.0817089333976444, -3.270953847375826], "nit": 16}