{"fun": 3.079909487864598, "jac": [-0.4306822717189789, -1.283648431301117, 0.9328702390193939], "hess_inv": [[0.3080983343295159, 0.2919044648988345, -0.3958521972511873], [0.2919044648988345, 0.3116320955292895, -0.3883627618123371], [-0.39585219725118737, -0.38836276181233714, 0.5588107060043367]], "nfev": 373, "njev": 91, "status": 2, "success": false, "message": "Desired error not necessarily achieved due to precision loss.", "x": [2.8998700345421273, 2.998954649120269, -3.138782719010774], "nit": 17}