{"fun": 3.061887285787332, "jac": [-0.3597103953361511, -1.1683137118816376, 0.8845118880271912], "hess_inv": [[0.3758097292547367, 0.34288318686804864, -0.4387378925089892], [0.34288318686804864, 0.3462641160173011, -0.4100554329331432], [-0.43873789250898915, -0.41005543293314317, 0.5574203480914053]], "nfev": 335, "njev": 82, "status": 2, "success": false, "message": "Desired error not necessarily achieved due to precision loss.", "x": [3.1190855565673563, 3.1190153162930003, -3.132323375347121], "nit": 15}