{"fun": 3.0915969999053656, "jac": [-0.40049341320991516, -1.1952491402626038, 0.8683649301528931], "hess_inv": [[0.33053613469876403, 0.3144282150522959, -0.42668681372119627], [0.3144282150522959, 0.3342372362968957, -0.41931557116923796], [-0.4266868137211962, -0.4193155711692379, 0.6011609227960071]], "nfev": 348, "njev": 85, "status": 2, "success": false, "message": "Desired error not necessarily achieved due to precision loss.", "x": [2.9791305715284495, 3.07731667183432, -3.248080691605902], "nit": 17}