{"fun": 3.0846333512137836, "jac": [-0.3875977098941803, -1.1604052484035492, 0.8428860306739807], "hess_inv": [[0.33505366209429144, 0.31869083874782617, -0.4326965398637574], [0.3186908387478261, 0.33825526311397996, -0.42500017066769213], [-0.4326965398637574, -0.42500017066769213, 0.6092092937774459]], "nfev": 331, "njev": 81, "status": 2, "success": false, "message": "Desired error not necessarily achieved due to precision loss.", "x": [3.0097872803549848, 3.1054154720789118, -3.2876372160520804], "nit": 17}