{"fun": 3.0868748852901264, "jac": [-0.3873744010925293, -1.1620984077453613, 0.8434884548187256], "hess_inv": [[0.3238754787238996, 0.30675092592824843, -0.41714223768298386], [0.30675092592824843, 0.3255316323853612, -0.4084006949231939], [-0.41714223768298386, -0.40840069492319386, 0.587556336231385]], "nfev": 358, "njev": 88, "status": 2, "success": false, "message": "Desired error not necessarily achieved due to precision loss.", "x": [3.0118624084128274, 3.1035540818114007, -3.2882471232154904], "nit": 17}