{"fun": 3.0550963133682405, "jac": [-0.3616616725921631, -1.177590787410736, 0.892596423625946], "hess_inv": [[0.3802941177253007, 0.3466647357198645, -0.4426747701866181], [0.3466647357198645, 0.3494103136488393, -0.4132174630752453], [-0.442674770186618, -0.41321746307524526, 0.5604359119774642]], "nfev": 292, "njev": 71, "status": 2, "success": false, "message": "Desired error not necessarily achieved due to precision loss.", "x": [3.1123281845875828, 3.1093744093762234, -3.114685644032043], "nit": 15}