{"fun": 3.071826812574474, "jac": [-0.4281221032142639, -1.245402753353119, 0.8979483246803284], "hess_inv": [[0.3379694093214555, 0.32570634326564757, -0.4446336600543692], [0.3257063432656475, 0.34939984370536836, -0.4421450460604974], [-0.44463366005436933, -0.44214504606049737, 0.6357178246073936]], "nfev": 318, "njev": 77, "status": 2, "success": false, "message": "Desired error not necessarily achieved due to precision loss.", "x": [2.894804556122869, 3.025108526814218, -3.2078450169625485], "nit": 18}