{"fun": 3.0531095037763585, "jac": [-0.3626038730144501, -1.179568886756897, 0.893775999546051], "hess_inv": [[0.37524654028817195, 0.34206305703624673, -0.4370663350451565], [0.34206305703624673, 0.3452179571211799, -0.4081192423827015], [-0.43706633504515663, -0.40811924238270153, 0.5542268215034015]], "nfev": 305, "njev": 74, "status": 2, "success": false, "message": "Desired error not necessarily achieved due to precision loss.", "x": [3.107700401401803, 3.1066943523759227, -3.1125971391782885], "nit": 15}