{"fun": 3.056559327675255, "jac": [-0.3581564426422119, -1.1641716957092285, 0.8813281059265137], "hess_inv": [[0.3759521629424036, 0.3430218653635727, -0.43896370057976203], [0.3430218653635727, 0.3463990111737576, -0.41027462532346776], [-0.43896370057976203, -0.41027462532346776, 0.5577586336288031]], "nfev": 342, "njev": 83, "status": 2, "success": false, "message": "Desired error not necessarily achieved due to precision loss.", "x": [3.1211649341470253, 3.1209119590623864, -3.13503848186902], "nit": 15}