{"fun": 3.06411385556995, "jac": [-0.35180413722991943, -1.1441788971424103, 0.8667569756507874], "hess_inv": [[0.38734577452293645, 0.35386638313690505, -0.4524904159968425], [0.353866383136905, 0.356723547968915, -0.4231500874772517], [-0.4524904159968425, -0.4231500874772517, 0.5738234369235709]], "nfev": 335, "njev": 82, "status": 2, "success": false, "message": "Desired error not necessarily achieved due to precision loss.", "x": [3.1439962678332223, 3.1421779802867866, -3.1604898013399185], "nit": 15}