{"fun": 3.0596023360743994, "jac": [-0.3601900637149811, -1.1724209189414978, 0.8888470232486725], "hess_inv": [[0.3842547691394582, 0.3504870963323014, -0.4474422391833196], [0.3504870963323014, 0.35310002634390714, -0.41781933042122155], [-0.4474422391833196, -0.4178193304212215, 0.5661768406984804]], "nfev": 331, "njev": 81, "status": 2, "success": false, "message": "Desired error not necessarily achieved due to precision loss.", "x": [3.118804646629029, 3.115706256101756, -3.122283286975546], "nit": 15}