{"fun": 3.0885030967884712, "jac": [-0.43194499611854553, -1.248512089252472, 0.9035005271434784], "hess_inv": [[0.3365909575684748, 0.32541696524827585, -0.4415476015604639], [0.3254169652482759, 0.35019990812232266, -0.4404549183427187], [-0.4415476015604638, -0.4404549183427187, 0.6296882881101409]], "nfev": 362, "njev": 89, "status": 2, "success": false, "message": "Desired error not necessarily achieved due to precision loss.", "x": [2.8908277726313627, 3.0317942143386634, -3.20175090891965], "nit": 16}