{"26_11_cluster_0": [1.4633389830508474, 0.007053577500174858], "26_11_cluster_1": [1.8795, 0.0038677408845099975], "26_11_cluster_2": [1.4197374999999999, 0.007446078881508389], "26_11_cluster_3": [1.526, 0.006122154971755593], "26_12_cluster_0": [1.8157936507936507, 0.00442082617028417], "26_12_cluster_1": [0.0, NaN], "26_12_cluster_2": [1.7455714285714288, 0.004571068665660369], "26_12_cluster_3": [1.74775, 0.005638389078756709], "26_21_cluster_0": [1.2980967741935483, 0.007025851573551284], "26_21_cluster_1": [1.5055, 0.0041675882807702385], "26_21_cluster_2": [1.265777777777778, 0.007875486665738847], "26_21_cluster_3": [1.131, 0.008781757820657616], "26_22_cluster_0": [1.4063636363636363, 0.004879053032875108], "26_22_cluster_1": [0.0, NaN], "26_22_cluster_2": [1.3683529411764705, 0.005470702403320552], "26_22_cluster_3": [0.0, NaN], "26_31_cluster_0": [1.4150579710144928, 0.008308516972118927], "26_31_cluster_1": [1.6505, 0.004586798959954672], "26_31_cluster_2": [1.3798412698412699, 0.009009825249753434], "26_31_cluster_3": [1.5255, 0.00722190549131644], "26_32_cluster_0": [1.6125443037974683, 0.004214671576211539], "26_32_cluster_1": [1.7106666666666668, 0.0034454924787025083], "26_32_cluster_2": [1.4851604938271605, 0.005080372548753119], "26_32_cluster_3": [1.6796666666666666, 0.0053176301680539495]}