{"26_11_cluster0": [1.4633389830508474, 0.009975264963996948], "26_11_cluster1": [1.8795, 0.0054698116146189475], "26_11_cluster2": [1.4197374999999999, 0.010530345740729079], "26_11_cluster3": [1.526, 0.008658034592006736], "26_12_cluster0": [1.8157936507936507, 0.006251992326909782], "26_12_cluster1": [0.0, NaN], "26_12_cluster2": [1.7455714285714288, 0.006464467301515579], "26_12_cluster3": [1.74775, 0.007973886305114114], "26_21_cluster0": [1.2980967741935483, 0.009936054582536548], "26_21_cluster1": [1.5055, 0.0058938598690524355], "26_21_cluster2": [1.265777777777778, 0.011137620052976357], "26_21_cluster3": [1.131, 0.012419281011449967], "26_22_cluster0": [1.4063636363636363, 0.006900022970629576], "26_22_cluster1": [0.0, NaN], "26_22_cluster2": [1.3683529411764705, 0.007736741534483003], "26_22_cluster3": [0.0, NaN], "26_31_cluster0": [1.4150579710144928, 0.011750017385177627], "26_31_cluster1": [1.6505, 0.006486713297046753], "26_31_cluster2": [1.3798412698412699, 0.01274181706281288], "26_31_cluster3": [1.5255, 0.010213316691996469], "26_32_cluster0": [1.6125443037974683, 0.005960445704026743], "26_32_cluster1": [1.7106666666666668, 0.004872662192435588], "26_32_cluster2": [1.4851604938271605, 0.007184731760354673], "26_32_cluster3": [1.6796666666666666, 0.007520264703346277]}