{"35_11_cluster0": [1.1554444444444443, 0.012297125115734747], "35_11_cluster1": [1.2195471698113207, 0.008810164521674293], "35_11_cluster2": [1.1949736842105263, 0.011295603036922437], "35_11_cluster3": [1.1233846153846154, 0.013978351550737228], "35_12_cluster0": [1.7788125, 0.007728679619232951], "35_12_cluster1": [1.8769772727272727, 0.0060821712930799994], "35_12_cluster2": [1.58695, 0.007272669616917987], "35_12_cluster3": [1.5444259259259259, 0.008881720281899277], "35_21_cluster0": [1.1875185185185184, 0.010335151514612333], "35_21_cluster1": [1.1926363636363637, 0.009639936795605394], "35_21_cluster2": [1.129695652173913, 0.01192315211005759], "35_21_cluster3": [1.174904761904762, 0.012679481026977024], "35_22_cluster0": [1.9842, 0.004805034792754885], "35_22_cluster1": [1.9668235294117646, 0.004673999943620742], "35_22_cluster2": [1.7148095238095238, 0.005614948340876976], "35_22_cluster3": [1.6142631578947368, 0.0072516120612208974], "35_31_cluster0": [1.0692333333333333, 0.015752843448520085], "35_31_cluster1": [1.0591428571428572, 0.012332028792997593], "35_31_cluster2": [1.1008125, 0.02123988164176386], "35_31_cluster3": [1.1054761904761903, 0.016168903687574728], "35_32_cluster0": [2.025333333333333, 0.004933029063819066], "35_32_cluster1": [2.0555, 0.004930998996983121], "35_32_cluster2": [1.7542083333333331, 0.006362036556004252], "35_32_cluster3": [1.7296538461538462, 0.007497410961769113]}