{"32_11_cluster_0": [1.2033157894736841, 0.014216942415240533], "32_11_cluster_1": [1.21475, 0.014670770146130167], "32_11_cluster_2": [1.138, 0.016617491152618992], "32_11_cluster_3": [1.1661666666666668, 0.018758470627474582], "32_12_cluster_0": [1.652925925925926, 0.0067299585568044796], "32_12_cluster_1": [1.9401428571428572, 0.007159719467105007], "32_12_cluster_2": [1.55884126984127, 0.00801870624993296], "32_12_cluster_3": [1.8509333333333333, 0.0063840520156964575], "32_21_cluster_0": [1.1447636363636364, 0.01600635957199693], "32_21_cluster_1": [1.282, 0.011308939722283357], "32_21_cluster_2": [1.1006749999999998, 0.020699610751505254], "32_21_cluster_3": [1.15, 0.020777706430666593], "32_22_cluster_0": [1.6059811320754718, 0.00600233683652013], "32_22_cluster_1": [1.755111111111111, 0.0056206570980904405], "32_22_cluster_2": [1.4144307692307694, 0.007776044764702116], "32_22_cluster_3": [1.38915, 0.008555511362856396], "32_31_cluster_0": [1.1595849056603775, 0.014656166428989712], "32_31_cluster_1": [1.108857142857143, 0.017891944884086308], "32_31_cluster_2": [1.1261754385964913, 0.017987654328795784], "32_31_cluster_3": [1.1017692307692306, 0.021913903039362782], "32_32_cluster_0": [1.5250923076923077, 0.006379918892329373], "32_32_cluster_1": [1.5195, 0.006566739314029744], "32_32_cluster_2": [1.405695652173913, 0.008440492947136852], "32_32_cluster_3": [1.4205714285714286, 0.009532406029538648]}