{"fun": 0.5427586206896552, "status": 0, "success": true, "message": "Solution found.", "x": 3.748931884716338, "nfev": 31, "nit": 31}