{"fun": 0.46214285714285713, "status": 0, "success": true, "message": "Solution found.", "x": 7.620028867409285, "nfev": 32, "nit": 32}