{"fun": 3.0507291807907393, "jac": [-0.3547268509864807, -1.157096028327942, 0.8777739703655243], "hess_inv": [[0.3873371312386199, 0.3533257551863069, -0.45072370883127855], [0.35332575518630693, 0.3557147427406049, -0.4208284889273411], [-0.4507237088312785, -0.4208284889273411, 0.5696226257933015]], "nfev": 349, "njev": 85, "status": 2, "success": false, "message": "Desired error not necessarily achieved due to precision loss.", "x": [3.131414416619731, 3.127117798228439, -3.13477530545207], "nit": 15}