{"fun": 3.087396301346585, "jac": [-0.40380972623825073, -1.2068008780479431, 0.8764251172542572], "hess_inv": [[0.32240964332036387, 0.30588205394115675, -0.4154183465536361], [0.30588205394115675, 0.3252796000203457, -0.4074970286214124], [-0.4154183465536361, -0.4074970286214124, 0.5856006756638197]], "nfev": 316, "njev": 77, "status": 2, "success": false, "message": "Desired error not necessarily achieved due to precision loss.", "x": [2.9699795656094534, 3.0654546816062327, -3.2333268329555174], "nit": 17}