{"fun": 3.082599040466869, "jac": [-0.3998776972293854, -1.1984396576881409, 0.8699347972869873], "hess_inv": [[0.31882836465152525, 0.30172672886729984, -0.41017085216399585], [0.30172672886729984, 0.3205318940614903, -0.4014597324290769], [-0.41017085216399585, -0.40145973242907695, 0.5779343441047299]], "nfev": 334, "njev": 82, "status": 2, "success": false, "message": "Desired error not necessarily achieved due to precision loss.", "x": [2.978160708858936, 3.0703268016887564, -3.2420597702818053], "nit": 17}