{"fun": 3.0699745632971775, "jac": [-0.4319961369037628, -1.2578324675559998, 0.9070344865322113], "hess_inv": [[0.33694723241181856, 0.3244543774764287, -0.44277579370566444], [0.3244543774764287, 0.3479148325298898, -0.4399685849099611], [-0.4427757937056645, -0.4399685849099611, 0.6325624442769147]], "nfev": 533, "njev": 131, "status": 2, "success": false, "message": "Desired error not necessarily achieved due to precision loss.", "x": [2.8855154911464167, 3.0141148757360594, -3.1919977950865], "nit": 18}