{"fun": 3.077778486655491, "jac": [-0.40918925404548645, -1.1922358274459839, 0.8604228794574738], "hess_inv": [[0.3372927413804629, 0.3246821701083061, -0.4424676845274373], [0.3246821701083061, 0.34801561673882625, -0.4394760327530833], [-0.4424676845274373, -0.4394760327530833, 0.6310403591163913]], "nfev": 362, "njev": 89, "status": 2, "success": false, "message": "Desired error not necessarily achieved due to precision loss.", "x": [2.9431172270245725, 3.073274961099804, -3.270759908655777], "nit": 16}