{"fun": 3.0850011100268633, "jac": [-0.4006122946739197, -1.2019639015197754, 0.8727477788925171], "hess_inv": [[0.3235144869070257, 0.30613293262359687, -0.41591044158051305], [0.3061329326235968, 0.3246737577792838, -0.4068410654249219], [-0.4159104415805131, -0.40684106542492193, 0.584957973228171]], "nfev": 379, "njev": 93, "status": 2, "success": false, "message": "Desired error not necessarily achieved due to precision loss.", "x": [2.9787550041584963, 3.0682222858245245, -3.237939143294527], "nit": 17}