{"fun": 3.0614672435410144, "jac": [-0.3622283935546875, -1.1772968769073486, 0.8923019170761108], "hess_inv": [[0.3791739037940656, 0.3458743796627768, -0.44175455930013513], [0.34587437966277684, 0.3489164847259183, -0.41267001164678074], [-0.44175455930013513, -0.41267001164678085, 0.5598230845899801]], "nfev": 310, "njev": 76, "status": 2, "success": false, "message": "Desired error not necessarily achieved due to precision loss.", "x": [3.1127330236761934, 3.111800624772147, -3.1182308540544694], "nit": 15}