{"fun": 3.0657893496333912, "jac": [-0.3524045944213867, -1.1451565325260162, 0.8669547140598297], "hess_inv": [[0.3865473921538982, 0.35325363975020985, -0.452108128840022], [0.35325363975020985, 0.35627793023020343, -0.42296586086225607], [-0.45210812884002194, -0.422965860862256, 0.574054070419806]], "nfev": 328, "njev": 80, "status": 2, "success": false, "message": "Desired error not necessarily achieved due to precision loss.", "x": [3.142281062011641, 3.141294903277747, -3.1619194691283], "nit": 15}