{"fun": 0.4611764705882353, "status": 0, "success": true, "message": "Solution found.", "x": 6.183090984140949, "nfev": 32, "nit": 32}