{"30_11_cluster_0": [1.8399555555555556, 0.008514983297209419], "30_11_cluster_1": [1.8779024390243904, 0.0066538452548591115], "30_11_cluster_2": [1.9268444444444444, 0.007163027851902499], "30_11_cluster_3": [1.978, 0.009358927103974964], "30_12_cluster_0": [2.1664615384615384, 0.002733210922251256], "30_12_cluster_1": [2.3916, 0.0026657796832163646], "30_12_cluster_2": [2.23925, 0.003269776141654888], "30_12_cluster_3": [2.2665555555555557, 0.0037808165306113754], "30_21_cluster_0": [1.9593333333333331, 0.009440190829536602], "30_21_cluster_1": [1.9534666666666667, 0.006570281568959819], "30_21_cluster_2": [1.9417179487179488, 0.008593961363857615], "30_21_cluster_3": [1.9542307692307692, 0.010235187735057896], "30_22_cluster_0": [2.2228888888888885, 0.00274288140228865], "30_22_cluster_1": [2.3971999999999998, 0.003816230652161258], "30_22_cluster_2": [2.161285714285714, 0.003411778534580374], "30_22_cluster_3": [2.20736, 0.003928477930315356], "30_31_cluster_0": [1.835047619047619, 0.013873528437744123], "30_31_cluster_1": [1.90595, 0.009259479307618362], "30_31_cluster_2": [1.9340869565217393, 0.01174696776716648], "30_31_cluster_3": [1.8768, 0.013759837928552936], "30_32_cluster_0": [2.1630243902439026, 0.0028889649658436294], "30_32_cluster_1": [2.29625, 0.002928929898667521], "30_32_cluster_2": [2.0449512195121953, 0.003381524719582926], "30_32_cluster_3": [2.137970588235294, 0.003901378349226419]}