{"27_11_cluster_0": [1.5610481927710844, 0.0036159133213230265], "27_11_cluster_1": [2.0443333333333333, 0.002873935859597677], "27_11_cluster_2": [1.5151875, 0.004131423104912063], "27_11_cluster_3": [1.5666666666666667, 0.004554391060465132], "27_12_cluster_0": [1.943640625, 0.0035194425392007156], "27_12_cluster_1": [0.0, NaN], "27_12_cluster_2": [1.813281690140845, 0.0032750716532037832], "27_12_cluster_3": [1.9, 0.003818534163645605], "27_21_cluster_0": [1.6006818181818183, 0.0034525810487458213], "27_21_cluster_1": [1.78775, 0.004097117494262], "27_21_cluster_2": [1.7379882352941176, 0.0034888239443319614], "27_21_cluster_3": [1.50675, 0.004669335622774436], "27_22_cluster_0": [1.8995568181818183, 0.003010163778045759], "27_22_cluster_1": [2.203, 0.0027137352291751703], "27_22_cluster_2": [1.82575, 0.0032344283282532394], "27_22_cluster_3": [1.881, 0.003652835097042332], "27_31_cluster_0": [1.5693037974683544, 0.004221819643416178], "27_31_cluster_1": [1.672, 0.003080102759460414], "27_31_cluster_2": [1.5277073170731708, 0.005250749395051641], "27_31_cluster_3": [1.4426666666666668, 0.2979658816055416], "27_32_cluster_0": [1.7567209302325582, 0.002829300261687076], "27_32_cluster_1": [1.399, 0.0035612239150955125], "27_32_cluster_2": [1.681215909090909, 0.0032585319443590847], "27_32_cluster_3": [1.54, 0.0032575162898790502]}