{"27_11_cluster_0": [1.5610481927710844, 0.005113673659380566], "27_11_cluster_1": [2.0443333333333333, 0.00406435907003344], "27_11_cluster_2": [1.5151875, 0.005842714586868236], "27_11_cluster_3": [1.5666666666666667, 0.006440881606060453], "27_12_cluster_0": [1.943640625, 0.0049772433709304575], "27_12_cluster_1": [0.0, NaN], "27_12_cluster_2": [1.813281690140845, 0.004631650749704471], "27_12_cluster_3": [1.9, 0.005400222802612628], "27_21_cluster_0": [1.6006818181818183, 0.004882686944328655], "27_21_cluster_1": [1.78775, 0.005794199127021378], "27_21_cluster_2": [1.7379882352941176, 0.004933942138806299], "27_21_cluster_3": [1.50675, 0.006603437764999482], "27_22_cluster_0": [1.8995568181818183, 0.004257014439876555], "27_22_cluster_1": [2.203, 0.0038378011657891793], "27_22_cluster_2": [1.82575, 0.004574172408339469], "27_22_cluster_3": [1.881, 0.005165888935349753], "27_31_cluster_0": [1.5693037974683544, 0.005970554597612322], "27_31_cluster_1": [1.672, 0.004355923095931619], "27_31_cluster_2": [1.5277073170731708, 0.0074256810071043735], "27_31_cluster_3": [1.4426666666666668, 0.4213873908910128], "27_32_cluster_0": [1.7567209302325582, 0.004001234802103598], "27_32_cluster_1": [1.399, 0.005036331159375447], "27_32_cluster_2": [1.681215909090909, 0.004608260069138598], "27_32_cluster_3": [1.54, 0.0046068237167978515]}