{"fun": 3.0831260230034085, "jac": [-0.3996345102787018, -1.1943344175815582, 0.868469625711441], "hess_inv": [[0.33427279312277364, 0.318166101681579, -0.4311199174568417], [0.318166101681579, 0.3379966524689961, -0.4237691867034867], [-0.4311199174568417, -0.4237691867034867, 0.6063910144404556]], "nfev": 361, "njev": 89, "status": 2, "success": false, "message": "Desired error not necessarily achieved due to precision loss.", "x": [2.9787218473790884, 3.0761989333228468, -3.242782922633903], "nit": 17}