{"fun": 3.087521270439697, "jac": [-0.41723066568374634, -1.2392796277999878, 0.9002625644207001], "hess_inv": [[0.32171433139284017, 0.3065116021662224, -0.4158785737390039], [0.30651160216622236, 0.32723810145090837, -0.40973403487063953], [-0.41587857373900405, -0.40973403487063953, 0.5880224647151947]], "nfev": 368, "njev": 90, "status": 2, "success": false, "message": "Desired error not necessarily achieved due to precision loss.", "x": [2.9338928425450472, 3.0385736242525314, -3.1950793663000865], "nit": 17}