{"fun": 3.085213461810029, "jac": [-0.4092791676521301, -1.2212083637714386, 0.8867912888526917], "hess_inv": [[0.31761906886270574, 0.3013685438992534, -0.4093329461980978], [0.30136854389925344, 0.32103191508634327, -0.40176832470382073], [-0.40933294619809785, -0.4017683247038207, 0.5778407663520366]], "nfev": 294, "njev": 72, "status": 2, "success": false, "message": "Desired error not necessarily achieved due to precision loss.", "x": [2.9541726217427438, 3.052352461214332, -3.2157079049638493], "nit": 17}