{"fun": 3.0507840284540846, "jac": [-0.3618777394294739, -1.177933931350708, 0.8931608200073242], "hess_inv": [[0.3764592833752075, 0.3431758097732665, -0.4380219363191521], [0.34317580977326656, 0.3462417367023733, -0.40897852820976577], [-0.4380219363191521, -0.40897852820976577, 0.5547789936504016]], "nfev": 293, "njev": 71, "status": 2, "success": false, "message": "Desired error not necessarily achieved due to precision loss.", "x": [3.109267777721175, 3.1080312617984647, -3.1115015354261497], "nit": 15}