{"fun": 3.0808681556076554, "jac": [-0.3986475467681885, -1.1927774846553802, 0.8657797574996948], "hess_inv": [[0.32030964953210217, 0.30374577729113766, -0.4129189044320672], [0.30374577729113766, 0.32310398885356884, -0.4049495319455329], [-0.41291890443206714, -0.4049495319455329, 0.5826717644868724]], "nfev": 343, "njev": 84, "status": 2, "success": false, "message": "Desired error not necessarily achieved due to precision loss.", "x": [2.979807271957468, 3.0749424975664463, -3.2486478721001064], "nit": 17}