{"fun": 3.0535516031346135, "jac": [-0.35850515961647034, -1.16679647564888, 0.8841908276081085], "hess_inv": [[0.37351026453234304, 0.3403790085676151, -0.434977810732327], [0.340379008567615, 0.3435840793005304, -0.4060928818121379], [-0.434977810732327, -0.40609288181213776, 0.5517132547646754]], "nfev": 333, "njev": 81, "status": 2, "success": false, "message": "Desired error not necessarily achieved due to precision loss.", "x": [3.1199186367223986, 3.1183971787650098, -3.1276385783064593], "nit": 15}