{"fun": 3.0909911381152018, "jac": [-0.4080010652542114, -1.2168369591236115, 0.8838469088077545], "hess_inv": [[0.32146177310112845, 0.30525978552909866, -0.4144285307495447], [0.3052597855290986, 0.32497226538928964, -0.4069288092324365], [-0.4144285307495448, -0.4069288092324365, 0.5845967142500673]], "nfev": 337, "njev": 82, "status": 2, "success": false, "message": "Desired error not necessarily achieved due to precision loss.", "x": [2.9599894396018422, 3.058245817178223, -3.2227505512366825], "nit": 17}