{"fun": 3.062584215666715, "jac": [-0.36120277643203735, -1.1736134886741638, 0.8889682292938232], "hess_inv": [[0.37613302009504734, 0.34299867704864445, -0.4385526703495355], [0.34299867704864445, 0.34619282651696276, -0.4096448619956018], [-0.43855267034953543, -0.40964486199560174, 0.5565128521500258]], "nfev": 321, "njev": 79, "status": 2, "success": false, "message": "Desired error not necessarily achieved due to precision loss.", "x": [3.1157345029647465, 3.1149064013373975, -3.124837579622466], "nit": 15}