{"fun": 3.0831749513600837, "jac": [-0.3908839225769043, -1.1739022135734558, 0.8523512780666351], "hess_inv": [[0.32452982367613614, 0.307161148910042, -0.4174351867744818], [0.307161148910042, 0.3257137386807453, -0.40838315581278317], [-0.4174351867744818, -0.4083831558127831, 0.5872198839897335]], "nfev": 371, "njev": 91, "status": 2, "success": false, "message": "Desired error not necessarily achieved due to precision loss.", "x": [3.0024983720299967, 3.092129377496519, -3.2710124893866173], "nit": 17}