{"fun": 3.061064167752086, "jac": [-0.3566246032714844, -1.1589520871639252, 0.8776185512542725], "hess_inv": [[0.38165536955240176, 0.34851113036730447, -0.44580588341456917], [0.3485111303673044, 0.35168299398094466, -0.41686099844421187], [-0.4458058834145691, -0.41686099844421187, 0.5659689947249433]], "nfev": 314, "njev": 77, "status": 2, "success": false, "message": "Desired error not necessarily achieved due to precision loss.", "x": [3.127882697583057, 3.127396674659086, -3.1424935566694234], "nit": 15}