{"fun": 3.0517732931873853, "jac": [-0.3635195791721344, -1.183834433555603, 0.8974647223949432], "hess_inv": [[0.3777194737704043, 0.34418274720410535, -0.4393687964172325], [0.3441827472041054, 0.34702003114405344, -0.4100329741800285], [-0.4393687964172325, -0.4100329741800285, 0.556211294358577]], "nfev": 283, "njev": 69, "status": 2, "success": false, "message": "Desired error not necessarily achieved due to precision loss.", "x": [3.1055153619532763, 3.102839490672932, -3.105426564244557], "nit": 15}