{"fun": 3.087874845092446, "jac": [-0.38579505681991577, -1.1253681778907776, 0.8127791881561279], "hess_inv": [[0.3565132514020585, 0.34441899012177346, -0.46942646904539614], [0.3444189901217734, 0.3682881462255112, -0.4671636589496085], [-0.4694264690453961, -0.46716365894960854, 0.6688673726575197]], "nfev": 373, "njev": 92, "status": 2, "success": false, "message": "Desired error not necessarily achieved due to precision loss.", "x": [3.0053258247949737, 3.136824463355178, -3.3556830413579735], "nit": 18}