{"fun": 3.073161246757369, "jac": [-0.4286307096481323, -1.2464119493961334, 0.8988531231880188], "hess_inv": [[0.34125239363177967, 0.3291295704404493, -0.4491102611583566], [0.3291295704404493, 0.35296861491485104, -0.4468144445381054], [-0.4491102611583567, -0.4468144445381053, 0.6418236292978843]], "nfev": 327, "njev": 80, "status": 2, "success": false, "message": "Desired error not necessarily achieved due to precision loss.", "x": [2.894194140339248, 3.024920019615639, -3.206757318243564], "nit": 18}