{"fun": 3.0468338387499303, "jac": [-0.41924721002578735, -1.231097400188446, 0.8924551904201508], "hess_inv": [[0.34953822934813333, 0.3356487389820009, -0.45398726959840335], [0.3356487389820009, 0.35779256915246616, -0.4492716266631814], [-0.4539872695984033, -0.4492716266631814, 0.639985445444644]], "nfev": 316, "njev": 77, "status": 2, "success": false, "message": "Desired error not necessarily achieved due to precision loss.", "x": [2.9137663121707957, 3.033821373539772, -3.197243102353396], "nit": 16}