{"fun": 3.078270789004356, "jac": [-0.3890402317047119, -1.1354779601097107, 0.820480465888977], "hess_inv": [[0.3604655564868701, 0.3485292229880868, -0.47454313061120856], [0.34852922298808686, 0.37256389877110374, -0.47249355195238446], [-0.4745431306112086, -0.47249355195238446, 0.675477033572861]], "nfev": 303, "njev": 74, "status": 2, "success": false, "message": "Desired error not necessarily achieved due to precision loss.", "x": [2.9933234552417285, 3.125004965780035, -3.3371728811852397], "nit": 18}