{"fun": 3.0802556781267842, "jac": [-0.3897761106491089, -1.1369799375534058, 0.8204768300056458], "hess_inv": [[0.35726475575877964, 0.34534694380667463, -0.47113405994928403], [0.3453469438066747, 0.36939561124900133, -0.4691246609765942], [-0.4711340599492839, -0.4691246609765942, 0.6721273937642123]], "nfev": 382, "njev": 94, "status": 2, "success": false, "message": "Desired error not necessarily achieved due to precision loss.", "x": [2.9915988685901724, 3.1230325394239644, -3.3401720280432246], "nit": 18}