{"fun": 3.063097286892059, "jac": [-0.43093341588974, -1.2503692209720612, 0.9061362445354462], "hess_inv": [[0.33747695015348844, 0.32581736889400337, -0.4410667680406491], [0.32581736889400337, 0.3502006271143392, -0.43935223215375546], [-0.44106676804064915, -0.4393522321537554, 0.626903376560888]], "nfev": 348, "njev": 85, "status": 2, "success": false, "message": "Desired error not necessarily achieved due to precision loss.", "x": [2.8869037061067337, 3.023654401434257, -3.1845242946913586], "nit": 16}