{"fun": 3.067287319671152, "jac": [-0.42303889989852905, -1.2265594005584717, 0.8890090882778168], "hess_inv": [[0.3490443407497032, 0.33789039725810033, -0.45726786700532357], [0.3378903972581003, 0.36279315543609686, -0.45624918541038556], [-0.4572678670053237, -0.45624918541038556, 0.649567183611252]], "nfev": 347, "njev": 85, "status": 2, "success": false, "message": "Desired error not necessarily achieved due to precision loss.", "x": [2.906872561046512, 3.0453906044291865, -3.2139707995133633], "nit": 16}