{"36_11_cluster_0": [1.1921388888888889, 0.007502349241779981], "36_11_cluster_1": [1.29724, 0.0059344650737026775], "36_11_cluster_2": [1.1504400000000001, 0.008042244105432724], "36_11_cluster_3": [1.289, 0.007952464049651291], "36_12_cluster_0": [1.412090909090909, 0.006245545930593419], "36_12_cluster_1": [1.8152962962962964, 0.006438807271433727], "36_12_cluster_2": [1.333875, 0.011784725274261745], "36_12_cluster_3": [1.3675135135135135, 0.009287926442118071], "36_21_cluster_0": [1.0914000000000001, 0.01148485161038263], "36_21_cluster_1": [1.2866, 0.009266180417004931], "36_21_cluster_2": [1.129625, 0.009650069918186541], "36_21_cluster_3": [1.1325, 0.008744491724173492], "36_22_cluster_0": [1.550625, 0.010201762264021634], "36_22_cluster_1": [1.935, 0.004488228797833027], "36_22_cluster_2": [1.4350625, 0.007179090604233941], "36_22_cluster_3": [1.4205, 0.012470662814414463], "36_31_cluster_0": [0.9074210526315789, 0.014125909794513175], "36_31_cluster_1": [0.912, 0.009838755018920831], "36_31_cluster_2": [0.9070238095238096, 0.014410159016221523], "36_31_cluster_3": [0.878, 0.019334859403783138], "36_32_cluster_0": [1.574774193548387, 0.010759560682526599], "36_32_cluster_1": [1.7744666666666666, 0.003586929742635761], "36_32_cluster_2": [1.3984444444444444, 0.010416276771559228], "36_32_cluster_3": [1.4357619047619048, 0.006771007874406289]}