{"fun": 3.083204228769204, "jac": [-0.4025752544403076, -1.2033957540988922, 0.8738752901554108], "hess_inv": [[0.32170241578810965, 0.3052629859060308, -0.41462987470153967], [0.30526298590603074, 0.32474990071184673, -0.4068290609539756], [-0.41462987470153967, -0.4068290609539756, 0.5847586560476655]], "nfev": 287, "njev": 70, "status": 2, "success": false, "message": "Desired error not necessarily achieved due to precision loss.", "x": [2.9710235710980983, 3.0669736030306884, -3.235781986130867], "nit": 17}