{"fun": 3.090817291004024, "jac": [-0.4124256372451782, -1.2302480041980743, 0.8929033577442169], "hess_inv": [[0.3129436242494579, 0.29650069665898404, -0.4030751968158694], [0.2965006966589841, 0.31596632405681846, -0.3952492406934211], [-0.40307519681586934, -0.39524924069342116, 0.5694605211876794]], "nfev": 339, "njev": 83, "status": 2, "success": false, "message": "Desired error not necessarily achieved due to precision loss.", "x": [2.9489221313520444, 3.045927726760109, -3.208975710698356], "nit": 17}