{"fun": 3.0604123374127896, "jac": [-0.35505181550979614, -1.1540961861610413, 0.8738467395305634], "hess_inv": [[0.3783601205372773, 0.3453266793106377, -0.4418768508817582], [0.3453266793106377, 0.348605053567083, -0.4130629021517289], [-0.44187685088175827, -0.4130629021517291, 0.5612831273470845]], "nfev": 349, "njev": 85, "status": 2, "success": false, "message": "Desired error not necessarily achieved due to precision loss.", "x": [3.1321362319956565, 3.131485456141057, -3.1483458364619636], "nit": 15}