{"fun": 3.0904863014957025, "jac": [-0.4027324318885803, -1.1657941043376923, 0.8438652753829956], "hess_inv": [[0.2906049209773827, 0.27837094599031026, -0.37880255884545244], [0.2783709459903102, 0.30206971300363405, -0.37626540022719895], [-0.3788025588454525, -0.376265400227199, 0.5440832363194247]], "nfev": 311, "njev": 76, "status": 2, "success": false, "message": "Desired error not necessarily achieved due to precision loss.", "x": [2.9609638060943237, 3.1042422031645414, -3.3008795283241965], "nit": 16}