{"fun": 3.0831525763399896, "jac": [-0.400728315114975, -1.1975765526294708, 0.8687556087970734], "hess_inv": [[0.3154168666778859, 0.2989571003494733, -0.40680262554896574], [0.2989571003494733, 0.3184026171627986, -0.3989553040070894], [-0.4068026255489657, -0.3989553040070894, 0.5750105748669121]], "nfev": 314, "njev": 76, "status": 2, "success": false, "message": "Desired error not necessarily achieved due to precision loss.", "x": [2.97439988158407, 3.0709888994759793, -3.2456550579552057], "nit": 17}