{"fun": 3.0895193754428925, "jac": [-0.4339282214641571, -1.2537101805210114, 0.9072188436985016], "hess_inv": [[0.3318705575664204, 0.3206066704949466, -0.4350987275214421], [0.3206066704949466, 0.3452974626231233, -0.43388242981826913], [-0.43509872752144196, -0.4338824298182691, 0.620874970375728]], "nfev": 322, "njev": 79, "status": 2, "success": false, "message": "Desired error not necessarily achieved due to precision loss.", "x": [2.88654953694657, 3.027746916412711, -3.196349570719781], "nit": 16}