{"fun": 3.0604556767989655, "jac": [-0.3648291826248169, -1.1849311590194702, 0.8974310457706451], "hess_inv": [[0.3737200308619963, 0.34074910741184883, -0.4356641770338532], [0.3407491074118488, 0.3440969301048474, -0.4069527599514288], [-0.43566417703385324, -0.40695275995142877, 0.5530531971527266]], "nfev": 319, "njev": 78, "status": 2, "success": false, "message": "Desired error not necessarily achieved due to precision loss.", "x": [3.1040305507458807, 3.103985356972106, -3.1108971116929824], "nit": 15}