{"fun": 3.080084728321067, "jac": [-0.4092980623245239, -1.2214076519012451, 0.8877187967300415], "hess_inv": [[0.32334254621302994, 0.3073408142610607, -0.4167648839301141], [0.3073408142610606, 0.32726139364153967, -0.4095373818824531], [-0.41676488393011424, -0.40953738188245303, 0.5874880259524029]], "nfev": 328, "njev": 80, "status": 2, "success": false, "message": "Desired error not necessarily achieved due to precision loss.", "x": [2.9520312710586483, 3.0513944862488565, -3.210664178394435], "nit": 17}