{"fun": 3.0865619990782767, "jac": [-0.3896387219429016, -1.1647402048110962, 0.8454120755195618], "hess_inv": [[0.32509129042435303, 0.30884204453448255, -0.4199011469033828], [0.30884204453448255, 0.3285018841832218, -0.41233964963709646], [-0.41990114690338287, -0.4123396496370964, 0.5927476112677701]], "nfev": 344, "njev": 84, "status": 2, "success": false, "message": "Desired error not necessarily achieved due to precision loss.", "x": [3.0039303237665655, 3.1015690959319477, -3.28547378564541], "nit": 17}