{"fun": 3.0827963345684193, "jac": [-0.3937471807003021, -1.180938482284546, 0.8569149971008301], "hess_inv": [[0.3172946748961191, 0.30011044619778976, -0.40830458205903747], [0.3001104461977897, 0.3188296800186729, -0.3994816056181228], [-0.40830458205903747, -0.39948160561812274, 0.5756842224263269]], "nfev": 381, "njev": 93, "status": 2, "success": false, "message": "Desired error not necessarily achieved due to precision loss.", "x": [2.993659985554518, 3.0852827530776317, -3.264263798875617], "nit": 17}