{"fun": 3.0839231746061877, "jac": [-0.43359434604644775, -1.2537946999073029, 0.9075025320053101], "hess_inv": [[0.33131810844527604, 0.3199912528388487, -0.4341103389458293], [0.31999125283884866, 0.3446187019589743, -0.4328042957142978], [-0.4341103389458292, -0.4328042957142978, 0.6192115897065845]], "nfev": 332, "njev": 81, "status": 2, "success": false, "message": "Desired error not necessarily achieved due to precision loss.", "x": [2.885087244134923, 3.026025758443867, -3.1929355742541756], "nit": 16}