{"fun": 3.089707084129075, "jac": [-0.4147276282310486, -1.2321557402610779, 0.8942780494689941], "hess_inv": [[0.31475723741372835, 0.2993240249857057, -0.40682614650359966], [0.2993240249857057, 0.3198103528661693, -0.4003695963048035], [-0.40682614650359955, -0.4003695963048034, 0.5762481428866321]], "nfev": 360, "njev": 88, "status": 2, "success": false, "message": "Desired error not necessarily achieved due to precision loss.", "x": [2.9406821484452075, 3.044425937521954, -3.2069435292400175], "nit": 17}