{"fun": 3.0603623307042196, "jac": [-0.35334381461143494, -1.1511903405189514, 0.8727286756038666], "hess_inv": [[0.3889299998949305, 0.3549617152496162, -0.45331177887369134], [0.35496171524961617, 0.3573809651975406, -0.423436536740237], [-0.45331177887369134, -0.4234365367402369, 0.5735328201106641]], "nfev": 359, "njev": 88, "status": 2, "success": false, "message": "Desired error not necessarily achieved due to precision loss.", "x": [3.1393106326329514, 3.1351004671038916, -3.1480073352905564], "nit": 15}