{"fun": 3.0828296824074832, "jac": [-0.38621118664741516, -1.158878207206726, 0.8414662778377533], "hess_inv": [[0.33013922891746383, 0.3131712880923703, -0.4255379894710534], [0.3131712880923703, 0.33211238557289324, -0.41700904297216806], [-0.4255379894710534, -0.4170090429721681, 0.5988143208693307]], "nfev": 296, "njev": 72, "status": 2, "success": false, "message": "Desired error not necessarily achieved due to precision loss.", "x": [3.0131081676273426, 3.105506733653819, -3.289338606066936], "nit": 17}