{"31_11_cluster0": [1.8311666666666668, 0.005240348236976538], "31_11_cluster1": [2.0446451612903225, 0.005180138604632275], "31_11_cluster2": [1.781095238095238, 0.005981329635603675], "31_11_cluster3": [1.7394583333333333, 0.009171516526988445], "31_12_cluster0": [2.1595833333333334, 0.00481848399134103], "31_12_cluster1": [2.233714285714286, 0.00629450981623804], "31_12_cluster2": [1.9918545454545453, 0.0060866548960955905], "31_12_cluster3": [2.136233333333333, 0.0070263679860437436], "31_21_cluster0": [1.7212461538461539, 0.0057486765191660984], "31_21_cluster1": [2.013342105263158, 0.006910479984540105], "31_21_cluster2": [1.719725, 0.006685618106886509], "31_21_cluster3": [1.7315999999999998, 0.00911773419586159], "31_22_cluster0": [2.2069565217391305, 0.004065872439971608], "31_22_cluster1": [2.3645, 0.005941582487004304], "31_22_cluster2": [2.0182931034482756, 0.005105690250751244], "31_22_cluster3": [2.0502916666666664, 0.006850196274184909], "31_31_cluster0": [1.8265277777777778, 0.004572416729514656], "31_31_cluster1": [2.13536, 0.004689930277168627], "31_31_cluster2": [1.7848305084745761, 0.005548985110609124], "31_31_cluster3": [1.948, 0.007493364628856611], "31_32_cluster0": [2.1091206896551724, 0.004767148752345584], "31_32_cluster1": [2.2708823529411766, 0.005537020981162449], "31_32_cluster2": [1.8979019607843137, 0.00571405766694577], "31_32_cluster3": [2.0986111111111114, 0.009590950396494316]}