{"31_11_cluster_0": [1.8311666666666668, 0.0037054857741450785], "31_11_cluster_1": [2.0446451612903225, 0.0036629111348217293], "31_11_cluster_2": [1.781095238095238, 0.004229438745847393], "31_11_cluster_3": [1.7394583333333333, 0.006485241529998], "31_12_cluster_0": [2.1595833333333334, 0.0034071827053160785], "31_12_cluster_1": [2.233714285714286, 0.004450890575307192], "31_12_cluster_2": [1.9918545454545453, 0.00430391495177149], "31_12_cluster_3": [2.136233333333333, 0.004968392450043587], "31_21_cluster_0": [1.7212461538461539, 0.004064928149550224], "31_21_cluster_1": [2.013342105263158, 0.004886447258322213], "31_21_cluster_2": [1.719725, 0.004727445899803009], "31_21_cluster_3": [1.7315999999999998, 0.00644721167895026], "31_22_cluster_0": [2.2069565217391305, 0.002875005973743419], "31_22_cluster_1": [2.3645, 0.004201333267539931], "31_22_cluster_2": [2.0182931034482756, 0.0036102681989442255], "31_22_cluster_3": [2.0502916666666664, 0.004843820237934958], "31_31_cluster_0": [1.8265277777777778, 0.003233186875850628], "31_31_cluster_1": [2.13536, 0.003316281502278044], "31_31_cluster_2": [1.7848305084745761, 0.003923725000414852], "31_31_cluster_3": [1.948, 0.0052986089429678945], "31_32_cluster_0": [2.1091206896551724, 0.0033708832097085564], "31_32_cluster_1": [2.2708823529411766, 0.003915265083352134], "31_32_cluster_2": [1.8979019607843137, 0.00404044892438834], "31_32_cluster_3": [2.0986111111111114, 0.0067818260633849175]}