{"34_11_cluster_0": [1.30225, 0.01002393529663116], "34_11_cluster_1": [1.3084166666666668, 0.008228158902485658], "34_11_cluster_2": [1.2384545454545455, 0.009593831135679078], "34_11_cluster_3": [1.2765454545454544, 0.009817788264708357], "34_12_cluster_0": [1.6851290322580645, 0.005715038708440169], "34_12_cluster_1": [1.8176428571428571, 0.003976525678210463], "34_12_cluster_2": [1.48485, 0.005625817300291915], "34_12_cluster_3": [1.682325, 0.005263270201829789], "34_21_cluster_0": [1.4344827586206899, 0.00974263674415008], "34_21_cluster_1": [1.4771489361702126, 0.0075777622843587735], "34_21_cluster_2": [1.4995, 0.010012218686160182], "34_21_cluster_3": [1.758722222222222, 0.007086263146360524], "34_22_cluster_0": [1.7739615384615386, 0.005534095724422027], "34_22_cluster_1": [1.7772999999999999, 0.004378436561148528], "34_22_cluster_2": [1.6077777777777778, 0.006030926450737146], "34_22_cluster_3": [1.6731578947368422, 0.006546817295336652], "34_31_cluster_0": [1.4391800000000001, 0.00823601218895145], "34_31_cluster_1": [1.3757692307692306, 0.007288285849769085], "34_31_cluster_2": [1.5355652173913044, 0.008049796083352188], "34_31_cluster_3": [1.3823125, 0.008364096119397665], "34_32_cluster_0": [1.6639666666666666, 0.004832374161287664], "34_32_cluster_1": [1.7983823529411767, 0.004388423776061446], "34_32_cluster_2": [1.5249428571428572, 0.0060583676201880245], "34_32_cluster_3": [1.5506774193548387, 0.005741576631636107]}