{"36_11_cluster_0": [1.1921388888888889, 0.010609924047384797], "36_11_cluster_1": [1.29724, 0.008392600992659776], "36_11_cluster_2": [1.1504400000000001, 0.011373450685818041], "36_11_cluster_3": [1.289, 0.011246482513301377], "36_12_cluster_0": [1.412090909090909, 0.00883253575946929], "36_12_cluster_1": [1.8152962962962964, 0.009105848568768102], "36_12_cluster_2": [1.333875, 0.01666611831170199], "36_12_cluster_3": [1.3675135135135135, 0.013135111540767066], "36_21_cluster_0": [1.0914000000000001, 0.01624203290924563], "36_21_cluster_1": [1.2866, 0.013104358017124227], "36_21_cluster_2": [1.129625, 0.013647259756148018], "36_21_cluster_3": [1.1325, 0.012366578792385358], "36_22_cluster_0": [1.550625, 0.014427470553885427], "36_22_cluster_1": [1.935, 0.006347314036929036], "36_22_cluster_2": [1.4350625, 0.010152767298012877], "36_22_cluster_3": [1.4205, 0.0176361804839269], "36_31_cluster_0": [0.9074210526315789, 0.019977053212259465], "36_31_cluster_1": [0.912, 0.013914100784624095], "36_31_cluster_2": [0.9070238095238096, 0.020379042316693477], "36_31_cluster_3": [0.878, 0.027343620395407102], "36_32_cluster_0": [1.574774193548387, 0.01521631664240548], "36_32_cluster_1": [1.7744666666666666, 0.005072684689314868], "36_32_cluster_2": [1.3984444444444444, 0.01473083987977086], "36_32_cluster_3": [1.4357619047619048, 0.009575651166920364]}