{"29_11_cluster0": [1.8747941176470588, 0.0053463945341559954], "29_11_cluster1": [2.1438125, 0.0033666475440905256], "29_11_cluster2": [1.875857142857143, 0.005168543047062098], "29_11_cluster3": [1.9724666666666666, 0.005543484281690513], "29_12_cluster0": [1.61075, 0.008310492027118475], "29_12_cluster1": [1.6612, 0.005101205987771388], "29_12_cluster2": [1.47916, 0.008172051880109128], "29_12_cluster3": [1.4850769230769232, 0.008615202597137696], "29_21_cluster0": [1.8873333333333333, 0.005224389700665562], "29_21_cluster1": [2.267909090909091, 0.0032560073393146146], "29_21_cluster2": [2.044695652173913, 0.004722502215739952], "29_21_cluster3": [2.0284545454545455, 0.005714319907378918], "29_22_cluster0": [2.0695, 0.0036874971256688938], "29_22_cluster1": [0.0, NaN], "29_22_cluster2": [2.226, 0.005036306568936177], "29_22_cluster3": [0.0, NaN], "29_31_cluster0": [2.2953125, 0.0032211274515862084], "29_31_cluster1": [0.0, NaN], "29_31_cluster2": [2.2955454545454543, 0.0036614257403327563], "29_31_cluster3": [0.0, NaN], "29_32_cluster0": [2.337111111111111, 0.0029344197256413514], "29_32_cluster1": [0.0, NaN], "29_32_cluster2": [2.2857, 0.0038725176440824113], "29_32_cluster3": [2.46, 0.004260133989763633]}