{"fun": 3.080631271353962, "jac": [-0.40381187200546265, -1.211738646030426, 0.8801006972789764], "hess_inv": [[0.3228209002708068, 0.3054749836367117, -0.41478938097296636], [0.3054749836367117, 0.32405318097411856, -0.4057679741901279], [-0.41478938097296625, -0.40576797419012794, 0.5832003462842653]], "nfev": 331, "njev": 81, "status": 2, "success": false, "message": "Desired error not necessarily achieved due to precision loss.", "x": [2.9688851622795616, 3.058630551711186, -3.223481332994991], "nit": 17}