{"fun": 3.067664547864788, "jac": [-0.3990645408630371, -1.1682905852794647, 0.8458545506000519], "hess_inv": [[0.29378116754813666, 0.27967644884982157, -0.380299043155815], [0.27967644884982157, 0.30150653070438865, -0.3752472135147586], [-0.380299043155815, -0.37524721351475854, 0.5424983710275678]], "nfev": 336, "njev": 82, "status": 2, "success": false, "message": "Desired error not necessarily achieved due to precision loss.", "x": [2.9666625249095064, 3.0937076974420603, -3.285372382860677], "nit": 16}