{"fun": 3.07931693687509, "jac": [-0.4004206657409668, -1.2002718150615692, 0.8710712790489197], "hess_inv": [[0.3121243245283214, 0.29497726342323327, -0.4012173936905783], [0.2949772634232332, 0.3137359353685817, -0.39244489868789656], [-0.4012173936905783, -0.39244489868789656, 0.5659748780242412]], "nfev": 317, "njev": 77, "status": 2, "success": false, "message": "Desired error not necessarily achieved due to precision loss.", "x": [2.9752008977601703, 3.0674584911421166, -3.2390333999819387], "nit": 17}