{"fun": 3.076915407370119, "jac": [-0.4081457555294037, -1.2206550538539886, 0.886350005865097], "hess_inv": [[0.31673743615586414, 0.3001897466175095, -0.4077702534289129], [0.3001897466175094, 0.31956749098066806, -0.39982216142415145], [-0.4077702534289129, -0.39982216142415145, 0.5752883509504733]], "nfev": 350, "njev": 85, "status": 2, "success": false, "message": "Desired error not necessarily achieved due to precision loss.", "x": [2.9544769782680738, 3.0499366421152474, -3.212549311068015], "nit": 17}