{"fun": 3.0891095877111088, "jac": [-0.40711891651153564, -1.177899420261383, 0.8524956405162811], "hess_inv": [[0.2877020092350098, 0.2754342010044975, -0.37488101484999514], [0.2754342010044975, 0.2990984095828765, -0.37229789314015155], [-0.3748810148499951, -0.37229789314015155, 0.5387828414088687]], "nfev": 288, "njev": 70, "status": 2, "success": false, "message": "Desired error not necessarily achieved due to precision loss.", "x": [2.949575601791531, 3.092972755782645, -3.2859465997519646], "nit": 16}