{"fun": 3.0876379802711957, "jac": [-0.4009157419204712, -1.1980113685131073, 0.8700329661369324], "hess_inv": [[0.32390937835390454, 0.3074826687959749, -0.417603361276944], [0.3074826687959749, 0.32698206901526683, -0.409819393272158], [-0.417603361276944, -0.409819393272158, 0.5887643946321877]], "nfev": 336, "njev": 82, "status": 2, "success": false, "message": "Desired error not necessarily achieved due to precision loss.", "x": [2.977137930433205, 3.073182179928232, -3.244023457899472], "nit": 17}