{"fun": 3.048091109847537, "jac": [-0.3707832396030426, -1.2071958482265472, 0.9149955213069916], "hess_inv": [[0.36218729550321316, 0.3291582000639958, -0.42031526308538697], [0.3291582000639959, 0.33248737768658526, -0.39160375601482716], [-0.42031526308538697, -0.39160375601482716, 0.5328431347445071]], "nfev": 325, "njev": 79, "status": 2, "success": false, "message": "Desired error not necessarily achieved due to precision loss.", "x": [3.082775270823208, 3.0807393724408088, -3.077019383162642], "nit": 15}