{"fun": 3.0587168980935546, "jac": [-0.3543819785118103, -1.1533045172691345, 0.8739001750946045], "hess_inv": [[0.3840850842585399, 0.3505956944693628, -0.4480944950697703], [0.3505956944693628, 0.35345243225428014, -0.41876252267160874], [-0.4480944950697703, -0.41876252267160874, 0.5679694728343687]], "nfev": 331, "njev": 81, "status": 2, "success": false, "message": "Desired error not necessarily achieved due to precision loss.", "x": [3.134325369728627, 3.132262877588747, -3.1462897723154764], "nit": 15}