{"fun": 3.0671974551919394, "jac": [-0.35139715671539307, -1.141882300376892, 0.8646001517772675], "hess_inv": [[0.3863632988619988, 0.3530830971622238, -0.4518303803432495], [0.35308309716222375, 0.3561204937401885, -0.4227069750583802], [-0.4518303803432495, -0.42270697505838023, 0.5736520732379498]], "nfev": 374, "njev": 91, "status": 2, "success": false, "message": "Desired error not necessarily achieved due to precision loss.", "x": [3.145970454094531, 3.144901077580614, -3.1660971821518835], "nit": 15}