{"fun": 3.057594797811248, "jac": [-0.3722063899040222, -1.2102480232715607, 0.9169665277004242], "hess_inv": [[0.3687729397779518, 0.3355349349132608, -0.4286213758416712], [0.3355349349132609, 0.3386587570782091, -0.3996415481033336], [-0.4286213758416712, -0.3996415481033336, 0.5432937051370356]], "nfev": 352, "njev": 87, "status": 2, "success": false, "message": "Desired error not necessarily achieved due to precision loss.", "x": [3.082879253394825, 3.080914985903905, -3.078788353900841], "nit": 15}