{"fun": 3.0523487154628004, "jac": [-0.35956811904907227, -1.1702117323875427, 0.8871814608573914], "hess_inv": [[0.37478482075228864, 0.34162649148811997, -0.43622302770102606], [0.34162649148811997, 0.34480724298746834, -0.4073192107503729], [-0.4362230277010261, -0.40731921075037286, 0.5528672510354606]], "nfev": 365, "njev": 89, "status": 2, "success": false, "message": "Desired error not necessarily achieved due to precision loss.", "x": [3.116452055710148, 3.1153737528191483, -3.1217763243473913], "nit": 15}