{"fun": 3.0857266079880024, "jac": [-0.38867437839508057, -1.1655170321464539, 0.8460347652435303], "hess_inv": [[0.32627834220304824, 0.30927361951882865, -0.42046631328044504], [0.30927361951882865, 0.32817585550325695, -0.4118872734106631], [-0.4204663132804451, -0.4118872734106631, 0.5921519270188512]], "nfev": 312, "njev": 76, "status": 2, "success": false, "message": "Desired error not necessarily achieved due to precision loss.", "x": [3.0078693743298364, 3.1002741151140247, -3.283391485715519], "nit": 17}