{"fun": 3.084793047120689, "jac": [-0.40614572167396545, -1.2135243713855743, 0.8812487423419952], "hess_inv": [[0.32019125087797334, 0.3037166124748628, -0.4125086501740522], [0.30371661247486276, 0.3231679160221475, -0.40465943595616116], [-0.41250865017405225, -0.40465943595616116, 0.5817857739491232]], "nfev": 341, "njev": 83, "status": 2, "success": false, "message": "Desired error not necessarily achieved due to precision loss.", "x": [2.9628430654512634, 3.058780056424708, -3.2243946215722756], "nit": 17}