{"29_11_cluster_0": [1.8747941176470588, 0.003780471830000415], "29_11_cluster_1": [2.1438125, 0.0023805793082914473], "29_11_cluster_2": [1.875857142857143, 0.0036547118374321737], "29_11_cluster_3": [1.9724666666666666, 0.003919835326984416], "29_12_cluster_0": [1.61075, 0.005876405267372218], "29_12_cluster_1": [1.6612, 0.0036070973461825597], "29_12_cluster_2": [1.47916, 0.005778513300633393], "29_12_cluster_3": [1.4850769230769232, 0.006091868177732016], "29_21_cluster_0": [1.8873333333333333, 0.0036942013849017696], "29_21_cluster_1": [2.267909090909091, 0.0023023448692224987], "29_21_cluster_2": [2.044695652173913, 0.0033393133409182103], "29_21_cluster_3": [2.0284545454545455, 0.004040634356376926], "29_22_cluster_0": [2.0695, 0.002607454223166327], "29_22_cluster_1": [0.0, NaN], "29_22_cluster_2": [2.226, 0.0035612065270290926], "29_22_cluster_3": [0.0, NaN], "29_31_cluster_0": [2.2953125, 0.0022776810640827427], "29_31_cluster_1": [0.0, NaN], "29_31_cluster_2": [2.2955454545454543, 0.002589018969800256], "29_31_cluster_3": [0.0, NaN], "29_32_cluster_0": [2.337111111111111, 0.002074948086848547], "29_32_cluster_1": [0.0, NaN], "29_32_cluster_2": [2.2857, 0.002738283486395244], "29_32_cluster_3": [2.46, 0.003012369632925139]}