{"33_11_cluster0": [1.4414516129032258, 0.009418026513911035], "33_11_cluster1": [1.1325217391304347, 0.012301593275532126], "33_11_cluster2": [1.4295454545454545, 0.009870931372927133], "33_11_cluster3": [1.1402, 0.017343084464452565], "33_12_cluster0": [1.8289545454545455, 0.007342715584870924], "33_12_cluster1": [1.8310588235294116, 0.006035679984604926], "33_12_cluster2": [1.7080666666666666, 0.008082411681648], "33_12_cluster3": [1.6765999999999999, 0.00795374973109277], "33_21_cluster0": [1.318265625, 0.011489924026946416], "33_21_cluster1": [1.1845769230769232, 0.011605654087454922], "33_21_cluster2": [1.3537843137254901, 0.01129427615913011], "33_21_cluster3": [1.2914545454545454, 0.013166685248529245], "33_22_cluster0": [1.7706274509803923, 0.008103648580707187], "33_22_cluster1": [1.7615999999999998, 0.006364960655014044], "33_22_cluster2": [1.71956, 0.007213304164192929], "33_22_cluster3": [1.6681, 0.008224544932785597], "33_31_cluster0": [1.3664029850746269, 0.010350499235231847], "33_31_cluster1": [1.2640882352941176, 0.01205312081415301], "33_31_cluster2": [1.455037037037037, 0.008878265747281447], "33_31_cluster3": [1.2508, 0.012828381958594958], "33_32_cluster0": [1.7616181818181817, 0.005552116316490492], "33_32_cluster1": [1.7165833333333333, 0.006582087813227899], "33_32_cluster2": [1.677516129032258, 0.007316125289141162], "33_32_cluster3": [1.5693125, 0.00801266343343238]}