{"fun": 3.085226191683506, "jac": [-0.4001716077327728, -1.196160912513733, 0.8689072132110596], "hess_inv": [[0.32511397364144334, 0.30871926519538984, -0.4191078933612808], [0.3087192651953897, 0.3282530162477873, -0.4113675688972751], [-0.41910789336128074, -0.41136756889727516, 0.5906365698629424]], "nfev": 302, "njev": 73, "status": 2, "success": false, "message": "Desired error not necessarily achieved due to precision loss.", "x": [2.978077379926753, 3.0742429267000104, -3.244423500491719], "nit": 17}