{"fun": 3.0821518887999826, "jac": [-0.4177020788192749, -1.2468852400779724, 0.9062700271606445], "hess_inv": [[0.31591778811037596, 0.2995401264627356, -0.406209885891886], [0.2995401264627356, 0.3190954360354926, -0.39849079593305775], [-0.4062098858918861, -0.3984907959330577, 0.5725827986912843]], "nfev": 295, "njev": 72, "status": 2, "success": false, "message": "Desired error not necessarily achieved due to precision loss.", "x": [2.9334138778918435, 3.030416111094804, -3.181618435779831], "nit": 17}