{"fun": 3.09113759902704, "jac": [-0.4090421199798584, -1.2155175805091858, 0.8827354907989502], "hess_inv": [[0.32087394779498096, 0.30555815703993916, -0.4149093987766244], [0.3055581570399392, 0.32616618988171897, -0.40861150485011954], [-0.41490939877662436, -0.4086115048501196, 0.586931211529445]], "nfev": 353, "njev": 87, "status": 2, "success": false, "message": "Desired error not necessarily achieved due to precision loss.", "x": [2.95550987635035, 3.0597177974465137, -3.225503884058077], "nit": 17}