{"fun": 3.0918961793299586, "jac": [-0.4062352776527405, -1.2072536051273346, 0.8766666352748871], "hess_inv": [[0.32508462190688053, 0.309835341075851, -0.4207423729061374], [0.3098353410758509, 0.3305104840649393, -0.4145358300988282], [-0.42074237290613736, -0.4145358300988282, 0.5950060815335129]], "nfev": 297, "njev": 72, "status": 2, "success": false, "message": "Desired error not necessarily achieved due to precision loss.", "x": [2.9627132412189114, 3.0670304123594097, -3.2359124283453196], "nit": 17}