{"fun": 3.0784549518784416, "jac": [-0.41022178530693054, -1.2263163924217224, 0.890762984752655], "hess_inv": [[0.3197311313319092, 0.30326287475966746, -0.41166342134274103], [0.30326287475966746, 0.3227231533735757, -0.40382289525873466], [-0.411663421342741, -0.4038228952587346, 0.5803497652338983]], "nfev": 329, "njev": 80, "status": 2, "success": false, "message": "Desired error not necessarily achieved due to precision loss.", "x": [2.950126535440602, 3.0459552053974437, -3.2056402188437256], "nit": 17}