{"fun": 3.0938445060520996, "jac": [-0.41014331579208374, -1.2245795130729675, 0.8904857933521271], "hess_inv": [[0.32337736360222247, 0.3071076490601861, -0.4162893912872332], [0.30710764906018606, 0.3267206695134266, -0.4086869480417835], [-0.4162893912872332, -0.40868694804178357, 0.5861535176625372]], "nfev": 295, "njev": 72, "status": 2, "success": false, "message": "Desired error not necessarily achieved due to precision loss.", "x": [2.955481704479693, 3.053182907775953, -3.210975837289512], "nit": 17}