{"fun": 3.086837892914216, "jac": [-0.4109099209308624, -1.2246025502681732, 0.8902513086795807], "hess_inv": [[0.3234041237993382, 0.30759619892671186, -0.4170043906649319], [0.3075961989267119, 0.3276892218640515, -0.4100123877340458], [-0.41700439066493195, -0.4100123877340458, 0.5879574484850371]], "nfev": 338, "njev": 83, "status": 2, "success": false, "message": "Desired error not necessarily achieved due to precision loss.", "x": [2.9500020068878428, 3.0510481561501273, -3.2092048834880416], "nit": 17}