{"fun": 3.0876779860499255, "jac": [-0.4018637537956238, -1.1948934197425842, 0.8678613901138306], "hess_inv": [[0.326439865005254, 0.3113137418798931, -0.4226374108233158], [0.3113137418798931, 0.33211474213680403, -0.4165988710058186], [-0.4226374108233158, -0.41659887100581855, 0.5976530042080563]], "nfev": 344, "njev": 84, "status": 2, "success": false, "message": "Desired error not necessarily achieved due to precision loss.", "x": [2.97162268559392, 3.0765914952952866, -3.248259666747607], "nit": 17}