{"fun": 3.0934132299702233, "jac": [-0.42096638679504395, -1.2551198601722717, 0.9132745563983917], "hess_inv": [[0.3163999626757675, 0.30024971005929946, -0.40656554393787603], [0.30024971005929946, 0.3199879526367421, -0.3991234826461255], [-0.40656554393787603, -0.3991234826461255, 0.5726241097308122]], "nfev": 398, "njev": 98, "status": 2, "success": false, "message": "Desired error not necessarily achieved due to precision loss.", "x": [2.9286753369639436, 3.02786610960733, -3.1734632891641663], "nit": 17}