{"fun": 3.089275833242753, "jac": [-0.4054870009422302, -1.2050312161445618, 0.8754104673862457], "hess_inv": [[0.32502267021292347, 0.3098908038458393, -0.42055297054449464], [0.3098908038458393, 0.3306876363454908, -0.4145056998907872], [-0.4205529705444947, -0.4145056998907872, 0.5946105615734413]], "nfev": 329, "njev": 81, "status": 2, "success": false, "message": "Desired error not necessarily achieved due to precision loss.", "x": [2.963409699190361, 3.068528196725672, -3.236248605432179], "nit": 17}