{"fun": 3.0875520997660395, "jac": [-0.4019792079925537, -1.2018244862556458, 0.8738808631896973], "hess_inv": [[0.324415440889034, 0.30814111769418917, -0.4178090429429639], [0.3081411176941892, 0.32774817704554793, -0.41020056919406], [-0.417809042942964, -0.41020056919406, 0.5883609808123731]], "nfev": 274, "njev": 66, "status": 2, "success": false, "message": "Desired error not necessarily achieved due to precision loss.", "x": [2.97298003322143, 3.07064360649919, -3.235288419367609], "nit": 17}