{"fun": 3.09205553460719, "jac": [-0.4032541513442993, -1.205546796321869, 0.8760011196136475], "hess_inv": [[0.31899792033358504, 0.302522516244149, -0.4106786023669546], [0.30252251624414905, 0.3219227245032839, -0.4027981636470408], [-0.4106786023669545, -0.4027981636470408, 0.5789746066608918]], "nfev": 347, "njev": 85, "status": 2, "success": false, "message": "Desired error not necessarily achieved due to precision loss.", "x": [2.9717299239099804, 3.0681843982158, -3.2347291130412086], "nit": 17}