{"fun": 3.0925797253077167, "jac": [-0.425159215927124, -1.268011748790741, 0.9223080277442932], "hess_inv": [[0.31105239190783107, 0.29472098368605176, -0.39933416647110964], [0.2947209836860518, 0.3142745325389129, -0.39164693308595666], [-0.39933416647110964, -0.39164693308595677, 0.5628438957592348]], "nfev": 352, "njev": 86, "status": 2, "success": false, "message": "Desired error not necessarily achieved due to precision loss.", "x": [2.9181910052210545, 3.0163961329316384, -3.1592298332397157], "nit": 17}