{"fun": 3.101192358996446, "jac": [-0.3823077976703644, -1.1479056477546692, 0.833960622549057], "hess_inv": [[0.33135206230690706, 0.31412729871879436, -0.42667963145202525], [0.3141272987187944, 0.3327742086885158, -0.4177933924699681], [-0.42667963145202525, -0.41779339246996805, 0.5996985509160513]], "nfev": 315, "njev": 77, "status": 2, "success": false, "message": "Desired error not necessarily achieved due to precision loss.", "x": [3.030809828221978, 3.121403111295368, -3.3089049246191804], "nit": 17}