{"28_11_cluster_0": [1.2997142857142858, 0.00994103828563115], "28_11_cluster_1": [1.2953333333333332, 0.009452027128588381], "28_11_cluster_2": [1.387485294117647, 0.010270142581280253], "28_11_cluster_3": [1.223142857142857, 0.19256996549238967], "28_12_cluster_0": [1.7018974358974357, 0.007123906596487386], "28_12_cluster_1": [1.601375, 0.007397725083717027], "28_12_cluster_2": [1.6778541666666666, 0.0075558839534593455], "28_12_cluster_3": [1.5893636363636363, 0.009431366061568578], "28_21_cluster_0": [1.3191400000000002, 0.011328136761065637], "28_21_cluster_1": [1.1485, 0.01282891134129923], "28_21_cluster_2": [1.3933461538461538, 0.011032446487932735], "28_21_cluster_3": [1.3512, 0.013575354718512286], "28_22_cluster_0": [1.6286851851851851, 0.006651439626304146], "28_22_cluster_1": [1.5814000000000001, 0.007320846718599512], "28_22_cluster_2": [1.5942142857142858, 0.008058810046978114], "28_22_cluster_3": [1.5538888888888889, 0.010538926639868568], "28_31_cluster_0": [1.4161818181818182, 0.010994664557691353], "28_31_cluster_1": [1.5449000000000002, 0.010524438787699198], "28_31_cluster_2": [1.507, 0.009870903482556858], "28_31_cluster_3": [1.3886470588235296, 0.012929308504203004], "28_32_cluster_0": [1.447529411764706, 0.009217355006901474], "28_32_cluster_1": [1.528, 0.011810876353189687], "28_32_cluster_2": [1.388125, 0.010013954353849074], "28_32_cluster_3": [1.4561, 0.011666847465717703]}