{"fun": 3.0789828863323736, "jac": [-0.40582722425460815, -1.2133232951164246, 0.8811072707176208], "hess_inv": [[0.3175447300361191, 0.30105338665253334, -0.40891733313679896], [0.3010533866525333, 0.3204879653036665, -0.40104544966332795], [-0.40891733313679896, -0.40104544966332795, 0.5769125271866894]], "nfev": 336, "njev": 82, "status": 2, "success": false, "message": "Desired error not necessarily achieved due to precision loss.", "x": [2.9610472719846426, 3.057039399923132, -3.221961946734705], "nit": 17}