{"fun": 3.0891789215519694, "jac": [-0.3735823631286621, -1.09110027551651, 0.7880313396453857], "hess_inv": [[0.36096381218026397, 0.34901274086543194, -0.4757990482487789], [0.34901274086543194, 0.37302744241783653, -0.47373706743415345], [-0.47579904824877883, -0.4737370674341535, 0.6779715333284743]], "nfev": 326, "njev": 80, "status": 2, "success": false, "message": "Desired error not necessarily achieved due to precision loss.", "x": [3.0366293148223207, 3.1688417423339508, -3.400071145775804], "nit": 18}