{"fun": 3.077570406583507, "jac": [-0.479070246219635, -1.395766258239746, 1.0084392428398132], "hess_inv": [[0.29216889049258826, 0.27799080197151116, -0.3778894822216495], [0.2779908019715112, 0.29973793476885013, -0.37272450841772736], [-0.37788948222164936, -0.37272450841772736, 0.538894462896809]], "nfev": 305, "njev": 74, "status": 2, "success": false, "message": "Desired error not necessarily achieved due to precision loss.", "x": [2.7841191607579283, 2.907674013923637, -3.0364193920773084], "nit": 15}