{"fun": 3.0931560129269675, "jac": [-0.3810867369174957, -1.1118243038654327, 0.8034511804580688], "hess_inv": [[0.35837900752243457, 0.34625557326370143, -0.4716256367946765], [0.3462555732637014, 0.37009534879920203, -0.46931699531448073], [-0.47162563679467645, -0.4693169953144807, 0.6713966539587106]], "nfev": 354, "njev": 87, "status": 2, "success": false, "message": "Desired error not necessarily achieved due to precision loss.", "x": [3.019689184549291, 3.1514635442529513, -3.3735336929368325], "nit": 18}