{"fun": 3.073053179389267, "jac": [-0.47242581844329834, -1.3794432878494263, 0.9986675083637238], "hess_inv": [[0.3028690116883671, 0.2885358945183428, -0.39094530997807575], [0.28853589451834283, 0.31013866246886024, -0.3855635888137975], [-0.39094530997807575, -0.38556358881379743, 0.5546851636025892]], "nfev": 336, "njev": 82, "status": 2, "success": false, "message": "Desired error not necessarily achieved due to precision loss.", "x": [2.7984975694518117, 2.9205208313158515, -3.0460588487615117], "nit": 15}