{"fun": 3.080672518010526, "jac": [-0.4185612201690674, -1.248657464981079, 0.9069963693618774], "hess_inv": [[0.31556739789712795, 0.2993595153092721, -0.40630406845778244], [0.29935951530927213, 0.3190688563424081, -0.39879669968299214], [-0.4063040684577825, -0.3987966996829922, 0.5734087124891447]], "nfev": 337, "njev": 82, "status": 2, "success": false, "message": "Desired error not necessarily achieved due to precision loss.", "x": [2.9294597743942385, 3.0278410721585063, -3.180635048500241], "nit": 17}