{"fun": 3.0632282210178445, "jac": [-0.36281150579452515, -1.1784857511520386, 0.8927041590213776], "hess_inv": [[0.37383637163183053, 0.3407984381155442, -0.4356883015103075], [0.34079843811554417, 0.34408551545082217, -0.40690089716641925], [-0.4356883015103075, -0.40690089716641925, 0.5529443317427818]], "nfev": 353, "njev": 86, "status": 2, "success": false, "message": "Desired error not necessarily achieved due to precision loss.", "x": [3.111363873813509, 3.110818933942693, -3.1192208134891577], "nit": 15}