{"fun": 3.0911012627977064, "jac": [-0.40801990032196045, -1.2170067727565765, 0.8831560015678406], "hess_inv": [[0.31524377215737237, 0.2989013434047094, -0.4064518496953116], [0.2989013434047094, 0.3184673752678121, -0.3987630157459941], [-0.40645184969531156, -0.3987630157459941, 0.5743807680346897]], "nfev": 328, "njev": 80, "status": 2, "success": false, "message": "Desired error not necessarily achieved due to precision loss.", "x": [2.959650175266024, 3.057234837449997, -3.2252309452481933], "nit": 17}