{"fun": 3.064246127609132, "jac": [-0.4076843857765198, -1.1845037341117859, 0.8593314290046692], "hess_inv": [[0.3526266788000794, 0.3414176975086776, -0.46159723850639045], [0.34141769750867756, 0.366267445814023, -0.46049783910524367], [-0.46159723850639045, -0.46049783910524367, 0.6547351107569233]], "nfev": 344, "njev": 84, "status": 2, "success": false, "message": "Desired error not necessarily achieved due to precision loss.", "x": [2.942911613194139, 3.0815071145817425, -3.259894272336233], "nit": 16}