{"fun": 3.0816064873080986, "jac": [-0.40193307399749756, -1.2022351026535034, 0.8726392686367035], "hess_inv": [[0.31762148730567163, 0.3010008671053346, -0.4092039028399957], [0.30100086710533464, 0.3203016507908824, -0.4011569812957771], [-0.4092039028399957, -0.4011569812957771, 0.5775405319929238]], "nfev": 323, "njev": 79, "status": 2, "success": false, "message": "Desired error not necessarily achieved due to precision loss.", "x": [2.9719164907065423, 3.066956482457397, -3.237658140981307], "nit": 17}