{"fun": 3.0683019273757965, "jac": [-0.41052567958831787, -1.192242443561554, 0.8649192452430725], "hess_inv": [[0.3587224029303388, 0.34759954348777533, -0.4698640572196493], [0.34759954348777533, 0.37253667834313886, -0.4688816565890683], [-0.4698640572196493, -0.46888165658906833, 0.665948804874758]], "nfev": 295, "njev": 71, "status": 2, "success": false, "message": "Desired error not necessarily achieved due to precision loss.", "x": [2.937951175162541, 3.0760353642448224, -3.252477308100317], "nit": 16}