{"fun": 3.091926030458823, "jac": [-0.39765042066574097, -1.1865132451057434, 0.8618392050266266], "hess_inv": [[0.32881094155682483, 0.31277172318972213, -0.42462522866690716], [0.31277172318972213, 0.3326491579545356, -0.41734818084469527], [-0.42462522866690716, -0.41734818084469527, 0.5987328656747254]], "nfev": 347, "njev": 85, "status": 2, "success": false, "message": "Desired error not necessarily achieved due to precision loss.", "x": [2.9860851865297184, 3.084909694662959, -3.259428274899184], "nit": 17}