{"fun": 3.0817668601818284, "jac": [-0.400687575340271, -1.1977543234825134, 0.8705382645130157], "hess_inv": [[0.32655167785236566, 0.3102537173064392, -0.4208169038074409], [0.3102537173064392, 0.3298880088233663, -0.41320685046216105], [-0.4208169038074409, -0.413206850462161, 0.592637386297603]], "nfev": 354, "njev": 87, "status": 2, "success": false, "message": "Desired error not necessarily achieved due to precision loss.", "x": [2.975362716399046, 3.0722841954814104, -3.239414821755277], "nit": 17}