{"fun": 3.081274318244218, "jac": [-0.38683396577835083, -1.1289618611335754, 0.8157776594161987], "hess_inv": [[0.35775900335218, 0.34575977552690773, -0.47084709035541905], [0.3457597755269078, 0.36972937747251633, -0.4687110033434333], [-0.470847090355419, -0.46871100334343324, 0.6704278939038673]], "nfev": 294, "njev": 72, "status": 2, "success": false, "message": "Desired error not necessarily achieved due to precision loss.", "x": [3.000087356673553, 3.131897001307204, -3.3467014437029667], "nit": 18}