{"fun": 3.090107249632329, "jac": [-0.4093109667301178, -1.2206832766532898, 0.8865567147731781], "hess_inv": [[0.3237218818210581, 0.307568007413274, -0.4175533982375455], [0.30756800741327395, 0.3273303424483901, -0.410120258074516], [-0.41755339823754545, -0.410120258074516, 0.5889169815793409]], "nfev": 370, "njev": 91, "status": 2, "success": false, "message": "Desired error not necessarily achieved due to precision loss.", "x": [2.9563511364878865, 3.054579560996778, -3.218090156659282], "nit": 17}