{"fun": 0.3901492537313433, "status": 0, "success": true, "message": "Solution found.", "x": 3.9308389723244312, "nfev": 34, "nit": 34}