{"fun": 0.38926829268292684, "status": 0, "success": true, "message": "Solution found.", "x": 5.852352609208943, "nfev": 34, "nit": 34}