{"fun": 0.40085106382978725, "status": 0, "success": true, "message": "Solution found.", "x": 2.3526024457839676, "nfev": 35, "nit": 35}