{"fun": 0.4442857142857143, "status": 0, "success": true, "message": "Solution found.", "x": 6.738466154309899, "nfev": 25, "nit": 25}