{"fun": 0.3423529411764706, "status": 0, "success": true, "message": "Solution found.", "x": 3.8440674381399917, "nfev": 33, "nit": 33}