{"fun": 0.4496969696969697, "status": 0, "success": true, "message": "Solution found.", "x": 5.922850224872946, "nfev": 34, "nit": 34}