{"fun": 0.4772727272727273, "status": 0, "success": true, "message": "Solution found.", "x": 6.1964182530215695, "nfev": 34, "nit": 34}