{"fun": 0.4536842105263158, "status": 0, "success": true, "message": "Solution found.", "x": 6.188791315458946, "nfev": 32, "nit": 32}