{"fun": 0.492972972972973, "status": 0, "success": true, "message": "Solution found.", "x": 8.092079773805725, "nfev": 11, "nit": 11}