{"fun": 3.087609833507687, "jac": [-0.389239639043808, -1.1685616672039032, 0.8484923541545868], "hess_inv": [[0.33037727311583726, 0.31307985941486227, -0.42539776682238106], [0.31307985941486227, 0.33170458419890364, -0.4164426968979077], [-0.4253977668223811, -0.4164426968979077, 0.5980622331050007]], "nfev": 370, "njev": 91, "status": 2, "success": false, "message": "Desired error not necessarily achieved due to precision loss.", "x": [3.0086319457225956, 3.0983315838842405, -3.2794855524712645], "nit": 17}