{"fun": 3.037797219326108, "jac": [-0.3782822787761688, -1.2375045120716095, 0.9414534866809845], "hess_inv": [[0.3638009683828279, 0.32953793239875184, -0.4176577546427088], [0.32953793239875184, 0.33178187437141504, -0.3876966541739598], [-0.41765775464270877, -0.3876966541739598, 0.5242533655498387]], "nfev": 332, "njev": 81, "status": 2, "success": false, "message": "Desired error not necessarily achieved due to precision loss.", "x": [3.0613595515870755, 3.054138181563165, -3.0269654323139847], "nit": 13}