{"fun": 3.0785399289637727, "jac": [-0.40461090207099915, -1.2146133184432983, 0.8817722201347351], "hess_inv": [[0.3155040487650264, 0.29800634527923703, -0.40504068747698785], [0.298006345279237, 0.31642950042078616, -0.3958137760582326], [-0.4050406874769879, -0.3958137760582326, 0.570207692067043]], "nfev": 350, "njev": 86, "status": 2, "success": false, "message": "Desired error not necessarily achieved due to precision loss.", "x": [2.965877192775792, 3.0549830576158454, -3.2204284117112834], "nit": 17}