{"fun": 3.0616235813270487, "jac": [-0.41184085607528687, -1.1955950558185577, 0.866517186164856], "hess_inv": [[0.2925533530554532, 0.27999450116685426, -0.38007462802611996], [0.27999450116685426, 0.30345850628508303, -0.37713802827513104], [-0.3800746280261199, -0.37713802827513104, 0.5440927850094442]], "nfev": 364, "njev": 89, "status": 2, "success": false, "message": "Desired error not necessarily achieved due to precision loss.", "x": [2.931004738016104, 3.070119217300096, -3.2483626561242964], "nit": 16}