{"fun": 3.0862020415964064, "jac": [-0.415757417678833, -1.241440087556839, 0.9017003178596497], "hess_inv": [[0.3167434858106779, 0.3002033542365503, -0.4075475907036472], [0.3002033542365503, 0.31959069209363544, -0.3996090374658827], [-0.4075475907036472, -0.3996090374658826, 0.5746819963042156]], "nfev": 343, "njev": 84, "status": 2, "success": false, "message": "Desired error not necessarily achieved due to precision loss.", "x": [2.9399736186107965, 3.0356241093381113, -3.1916358687886577], "nit": 17}