{"fun": 3.0766767669413024, "jac": [-0.4025438129901886, -1.2086288332939148, 0.8775977492332458], "hess_inv": [[0.32014834330757325, 0.3027573449049803, -0.4113185298681158], [0.30275734490498024, 0.3212889126486342, -0.40223623076664894], [-0.41131852986811585, -0.40223623076664894, 0.5786954297191279]], "nfev": 323, "njev": 79, "status": 2, "success": false, "message": "Desired error not necessarily achieved due to precision loss.", "x": [2.9702172213561995, 3.0597271131058332, -3.226154254309602], "nit": 17}