{"fun": 3.0801457555524054, "jac": [-0.42171984910964966, -1.2585799396038055, 0.9150604605674744], "hess_inv": [[0.3158896404619661, 0.2995731296696757, -0.4060044847823559], [0.29957312966967575, 0.3191924280260665, -0.3983677324153622], [-0.4060044847823559, -0.39836773241536216, 0.5720852553592791]], "nfev": 335, "njev": 82, "status": 2, "success": false, "message": "Desired error not necessarily achieved due to precision loss.", "x": [2.9227730742612876, 3.0202655149353705, -3.1663082413509827], "nit": 17}