{"fun": 3.0475274433585664, "jac": [-0.4239335060119629, -1.245801955461502, 0.9043041467666626], "hess_inv": [[0.33006865301083566, 0.31557757842747164, -0.42609513486752953], [0.31557757842747164, 0.3371199027040513, -0.42055668793203244], [-0.42609513486752953, -0.4205566879320325, 0.6001981231661802]], "nfev": 357, "njev": 87, "status": 2, "success": false, "message": "Desired error not necessarily achieved due to precision loss.", "x": [2.9041968422050695, 3.022802772086045, -3.17654183500356], "nit": 15}