{"fun": 3.0647102589370245, "jac": [-0.35904186964035034, -1.166470855474472, 0.8835943043231964], "hess_inv": [[0.3746790045497463, 0.34164273783179566, -0.4368570319901486], [0.3416427378317957, 0.3449288615976414, -0.4080649705653556], [-0.4368570319901487, -0.4080649705653556, 0.5545357718612788]], "nfev": 319, "njev": 78, "status": 2, "success": false, "message": "Desired error not necessarily achieved due to precision loss.", "x": [3.1229445501376203, 3.122094781833849, -3.134177119544012], "nit": 15}