{"fun": 3.0832326581511973, "jac": [-0.4425533711910248, -1.319210708141327, 0.9589329361915588], "hess_inv": [[0.29385107188838494, 0.2772119489059637, -0.3756071419078244], [0.2772119489059636, 0.2965042656038312, -0.3675267910217492], [-0.3756071419078244, -0.3675267910217492, 0.5301718113338474]], "nfev": 316, "njev": 77, "status": 2, "success": false, "message": "Desired error not necessarily achieved due to precision loss.", "x": [2.874176842256428, 2.9712730567089443, -3.099713414172538], "nit": 15}