{"fun": 3.049169168839871, "jac": [-0.3317270874977112, -1.0928159356117249, 0.8257865905761719], "hess_inv": [[0.40255524696756567, 0.3657223246367037, -0.4692711210667228], [0.3657223246367037, 0.3656095258549405, -0.43604401514695823], [-0.46927112106672286, -0.43604401514695823, 0.5923823251843678]], "nfev": 259, "njev": 63, "status": 2, "success": false, "message": "Desired error not necessarily achieved due to precision loss.", "x": [3.206185198591895, 3.181612401915383, -3.2231153697423593], "nit": 15}