{"fun": 3.0726910030762915, "jac": [-0.4017620384693146, -1.177121102809906, 0.8529596626758575], "hess_inv": [[0.35609812383654227, 0.34280437641758443, -0.4642773230524892], [0.34280437641758443, 0.3654620504460149, -0.4603214884919905], [-0.46427732305248914, -0.4603214884919905, 0.655679490755179]], "nfev": 352, "njev": 86, "status": 2, "success": false, "message": "Desired error not necessarily achieved due to precision loss.", "x": [2.9633942668751803, 3.088170930040084, -3.2741718804546798], "nit": 16}