{"fun": 3.0669125828194828, "jac": [-0.35549455881118774, -1.1548010110855103, 0.8739595413208008], "hess_inv": [[0.375329588250978, 0.3423528134956766, -0.43845896435113935], [0.3423528134956766, 0.345685064609601, -0.4097011251187477], [-0.43845896435113935, -0.4097011251187476, 0.5574434520190514]], "nfev": 274, "njev": 66, "status": 2, "success": false, "message": "Desired error not necessarily achieved due to precision loss.", "x": [3.1336324823471498, 3.1325197094041664, -3.1517164105356326], "nit": 15}