{"fun": 3.068736733002635, "jac": [-0.42114198207855225, -1.2312358021736145, 0.8912738561630249], "hess_inv": [[0.34765690001850236, 0.33447343028442994, -0.45344681284580807], [0.3344734302844299, 0.3572404131192945, -0.44964446793205093], [-0.45344681284580807, -0.44964446793205093, 0.6418070129974869]], "nfev": 368, "njev": 91, "status": 2, "success": false, "message": "Desired error not necessarily achieved due to precision loss.", "x": [2.913839921971998, 3.0393198731931355, -3.2108646709548854], "nit": 16}