{"fun": 3.082164898846317, "jac": [-0.41480374336242676, -1.2378615140914917, 0.9002012014389038], "hess_inv": [[0.3259173154552642, 0.3098136435492289, -0.41966497631348376], [0.3098136435492289, 0.32964949297747637, -0.4123175171291051], [-0.4196649763134837, -0.4123175171291051, 0.590694201514912]], "nfev": 306, "njev": 75, "status": 2, "success": false, "message": "Desired error not necessarily achieved due to precision loss.", "x": [2.940536833967217, 3.038630674358381, -3.1906658785581588], "nit": 17}