{"fun": 3.0639346411927706, "jac": [-0.40397804975509644, -1.1835247874259949, 0.8572603166103363], "hess_inv": [[0.2942450165725739, 0.280004887329032, -0.380414773062942], [0.28000488732903195, 0.3017018804470854, -0.3751771732259683], [-0.38041477306294197, -0.3751771732259682, 0.5419791250877807]], "nfev": 374, "njev": 91, "status": 2, "success": false, "message": "Desired error not necessarily achieved due to precision loss.", "x": [2.9537064293501554, 3.0794091911275148, -3.2637254685113946], "nit": 16}