{"fun": 3.074140274082132, "jac": [-0.4032573997974396, -1.2110306024551392, 0.8796052932739258], "hess_inv": [[0.318943677894807, 0.3015457218224605, -0.409496381861957], [0.30154572182246053, 0.3200716625220975, -0.40040449541267853], [-0.4094963818619571, -0.40040449541267853, 0.5759766865200477]], "nfev": 337, "njev": 82, "status": 2, "success": false, "message": "Desired error not necessarily achieved due to precision loss.", "x": [2.9674323361899453, 3.05710787886541, -3.2212758259176724], "nit": 17}