{"fun": 0.4414814814814815, "status": 0, "success": true, "message": "Solution found.", "x": 4.187201172147812, "nfev": 32, "nit": 32}