{"30_11_cluster0": [1.8399555555555556, 0.01204200486229393], "30_11_cluster1": [1.8779024390243904, 0.009409958201353597], "30_11_cluster2": [1.9268444444444444, 0.010130051135816763], "30_11_cluster3": [1.978, 0.013235521639702525], "30_12_cluster0": [2.1664615384615384, 0.003865343955074027], "30_12_cluster1": [2.3916, 0.0037699817823033097], "30_12_cluster2": [2.23925, 0.004624161765452305], "30_12_cluster3": [2.2665555555555557, 0.005346882014434996], "30_21_cluster0": [1.9593333333333331, 0.013350445902520788], "30_21_cluster1": [1.9534666666666667, 0.009291781303432941], "30_21_cluster2": [1.9417179487179488, 0.01215369671527781], "30_21_cluster3": [1.9542307692307692, 0.014474741308353587], "30_22_cluster0": [2.2228888888888885, 0.003879020079097512], "30_22_cluster1": [2.3971999999999998, 0.005396965145430333], "30_22_cluster2": [2.161285714285714, 0.004824983475416968], "30_22_cluster3": [2.20736, 0.005555706768535323], "30_31_cluster0": [1.835047619047619, 0.019620132074626578], "30_31_cluster1": [1.90595, 0.013094881217346949], "30_31_cluster2": [1.9340869565217393, 0.016612721133086424], "30_31_cluster3": [1.8768, 0.01945934941461529], "30_32_cluster0": [2.1630243902439026, 0.004085613435916793], "30_32_cluster1": [2.29625, 0.004142132385935655], "30_32_cluster2": [2.0449512195121953, 0.004782198119934076], "30_32_cluster3": [2.137970588235294, 0.005517382173424786]}