{"fun": 0.4284210526315789, "status": 0, "success": true, "message": "Solution found.", "x": 3.801399448246538, "nfev": 14, "nit": 14}