{"fun": 0.4348936170212766, "status": 0, "success": true, "message": "Solution found.", "x": 3.811192366420119, "nfev": 35, "nit": 35}