{"fun": 0.3830769230769231, "status": 0, "success": true, "message": "Solution found.", "x": 6.184078119816275, "nfev": 30, "nit": 30}