{"fun": 0.6123809523809524, "status": 0, "success": true, "message": "Solution found.", "x": 3.8400760830763083, "nfev": 11, "nit": 11}