{"fun": 3.0887907428791, "jac": [-0.39109423756599426, -1.1724357306957245, 0.8508616089820862], "hess_inv": [[0.3265447265895945, 0.30947699506304194, -0.4208585501103106], [0.309476995063042, 0.32831483352273216, -0.41219423388539655], [-0.4208585501103106, -0.41219423388539655, 0.5927244097722582]], "nfev": 327, "njev": 80, "status": 2, "success": false, "message": "Desired error not necessarily achieved due to precision loss.", "x": [3.0030744707207138, 3.0948907815371083, -3.2769534207967497], "nit": 17}