{"fun": 3.091770818373903, "jac": [-0.37129318714141846, -1.084285408258438, 0.7828565239906311], "hess_inv": [[0.3653419459845433, 0.3535179336157581, -0.48214523160146644], [0.35351793361575823, 0.3776610817811249, -0.4802627546258344], [-0.48214523160146633, -0.48026275462583434, 0.687138317267437]], "nfev": 365, "njev": 89, "status": 2, "success": false, "message": "Desired error not necessarily achieved due to precision loss.", "x": [3.0433331697557477, 3.1757600395771357, -3.411087179725505], "nit": 18}