{"fun": 3.0866263904843128, "jac": [-0.39817890524864197, -1.1927315294742584, 0.8662688434123993], "hess_inv": [[0.3239075822219558, 0.3069243639581909, -0.4168430655119206], [0.30692436395819095, 0.32585196074658, -0.40829257173422784], [-0.41684306551192063, -0.40829257173422784, 0.5867001828864905]], "nfev": 304, "njev": 74, "status": 2, "success": false, "message": "Desired error not necessarily achieved due to precision loss.", "x": [2.984352886494544, 3.0771885953987845, -3.249207235917898], "nit": 17}