{"fun": 3.057834282770272, "jac": [-0.3611432611942291, -1.1747119724750519, 0.8906434774398804], "hess_inv": [[0.3791554827066848, 0.3457735079674407, -0.44141657321626826], [0.34577350796744066, 0.348743477581765, -0.4122478404815596], [-0.4414165732162682, -0.41224784048155966, 0.5590433757474628]], "nfev": 350, "njev": 86, "status": 2, "success": false, "message": "Desired error not necessarily achieved due to precision loss.", "x": [3.1146098782392375, 3.1132045208237007, -3.1186903399433827], "nit": 15}