{"fun": 3.0579860602135147, "jac": [-0.37107133865356445, -1.2052278518676758, 0.9132350087165833], "hess_inv": [[0.3700455323927586, 0.33708203751647176, -0.430553971885603], [0.3370820375164718, 0.3404486070430527, -0.40188239852237345], [-0.430553971885603, -0.40188239852237345, 0.5460832755955175]], "nfev": 353, "njev": 87, "status": 2, "success": false, "message": "Desired error not necessarily achieved due to precision loss.", "x": [3.0854691147806306, 3.085635800202286, -3.084702883787368], "nit": 15}