{"fun": 3.085326746015437, "jac": [-0.42732566595077515, -1.268655240535736, 0.9216890931129456], "hess_inv": [[0.31312116663173656, 0.2978366235280254, -0.4040444277188991], [0.2978366235280254, 0.31848177046460063, -0.3977874848762913], [-0.40404442771889915, -0.3977874848762913, 0.5717328317987216]], "nfev": 335, "njev": 82, "status": 2, "success": false, "message": "Desired error not necessarily achieved due to precision loss.", "x": [2.9084849536326125, 3.0132873063642296, -3.1598230267455643], "nit": 17}