{"fun": 3.050557832259642, "jac": [-0.36454325914382935, -1.1871145963668823, 0.8994933366775513], "hess_inv": [[0.3682674308359425, 0.33507596578756854, -0.42815574614106056], [0.33507596578756854, 0.3382422934220719, -0.39922552706392067], [-0.4281557461410605, -0.39922552706392056, 0.5429035505510706]], "nfev": 338, "njev": 82, "status": 2, "success": false, "message": "Desired error not necessarily achieved due to precision loss.", "x": [3.1016457334139993, 3.099012381451099, -3.102449363637769], "nit": 15}