{"fun": 3.0796442453443955, "jac": [-0.38761311769485474, -1.1327001452445984, 0.8191823959350586], "hess_inv": [[0.3599637404978617, 0.34770682087404065, -0.4728741493954735], [0.34770682087404065, 0.371417195450704, -0.4703746471084059], [-0.47287414939547356, -0.4703746471084058, 0.6718771082941679]], "nfev": 377, "njev": 93, "status": 2, "success": false, "message": "Desired error not necessarily achieved due to precision loss.", "x": [2.9986120077437377, 3.128647240794094, -3.338482893018165], "nit": 18}