{"fun": 3.040380862267404, "jac": [-0.34339430928230286, -1.1285073161125183, 0.85182124376297], "hess_inv": [[0.37832213248149293, 0.342873227798497, -0.44062322907260193], [0.342873227798497, 0.34405601115188916, -0.4090266769650574], [-0.440623229072602, -0.4090266769650574, 0.5584932614704293]], "nfev": 278, "njev": 67, "status": 2, "success": false, "message": "Desired error not necessarily achieved due to precision loss.", "x": [3.164842336562301, 3.1445399272315457, -3.178528864499497], "nit": 15}