{"fun": 3.056315270351302, "jac": [-0.355046808719635, -1.1561078429222107, 0.8767357766628265], "hess_inv": [[0.38396203690428077, 0.35037427402341453, -0.4472455605102079], [0.3503742740234146, 0.3531474434107324, -0.4178276836908521], [-0.4472455605102078, -0.4178276836908521, 0.5661140942399273]], "nfev": 322, "njev": 79, "status": 2, "success": false, "message": "Desired error not necessarily achieved due to precision loss.", "x": [3.131958231425657, 3.1296761902771273, -3.139521278636867], "nit": 15}