{"fun": 3.0761615177179333, "jac": [-0.4051517844200134, -1.1834518909454346, 0.855644702911377], "hess_inv": [[0.2867451705283604, 0.2726329238323419, -0.3715473803325225], [0.27263292383234194, 0.2944469701080205, -0.3664897791181508], [-0.37154738033252244, -0.36648977911815084, 0.5316770030224277]], "nfev": 343, "njev": 84, "status": 2, "success": false, "message": "Desired error not necessarily achieved due to precision loss.", "x": [2.9543569665010008, 3.0819323108097847, -3.2749992874840674], "nit": 16}