{"fun": 3.089510873956246, "jac": [-0.39528000354766846, -1.1820054054260254, 0.8581992983818054], "hess_inv": [[0.32930221586515257, 0.31283216650912854, -0.4250167725425998], [0.31283216650912854, 0.33228710370597425, -0.41717535758843627], [-0.42501677254259973, -0.41717535758843627, 0.5989526239029127]], "nfev": 334, "njev": 82, "status": 2, "success": false, "message": "Desired error not necessarily achieved due to precision loss.", "x": [2.9922660562699246, 3.087482431766955, -3.2647878567784825], "nit": 17}