{"fun": 3.0891573362804694, "jac": [-0.4163209795951843, -1.2360507249832153, 0.8982638716697693], "hess_inv": [[0.3222392403417254, 0.3071339914439874, -0.4164867419866662], [0.30713399144398734, 0.32796189789859626, -0.4104744168321673], [-0.41648674198666624, -0.41047441683216723, 0.5887116089385842]], "nfev": 311, "njev": 76, "status": 2, "success": false, "message": "Desired error not necessarily achieved due to precision loss.", "x": [2.9368641821016497, 3.042266085672881, -3.1985605669669526], "nit": 17}