{"fun": 3.0730409358347996, "jac": [-0.4090576767921448, -1.19314306974411, 0.8609309494495392], "hess_inv": [[0.33775376650403965, 0.3250173805687193, -0.44302839359703816], [0.3250173805687193, 0.34822058645411536, -0.43986367886509947], [-0.44302839359703816, -0.4398636788650994, 0.631715171494608]], "nfev": 339, "njev": 83, "status": 2, "success": false, "message": "Desired error not necessarily achieved due to precision loss.", "x": [2.941607803752036, 3.070680768998875, -3.2678749079403913], "nit": 16}