{"fun": 3.0553448703652837, "jac": [-0.354839563369751, -1.1550327837467194, 0.8753709197044373], "hess_inv": [[0.3802860602509952, 0.34697084299082454, -0.44333647001737153], [0.3469708429908245, 0.3499952981232163, -0.4142226324387399], [-0.44333647001737153, -0.4142226324387399, 0.5620193368920501]], "nfev": 332, "njev": 81, "status": 2, "success": false, "message": "Desired error not necessarily achieved due to precision loss.", "x": [3.1314781661995297, 3.129763704100456, -3.1422134211546267], "nit": 15}