{"fun": 3.0578247379798196, "jac": [-0.3613083064556122, -1.1738885045051575, 0.8888837993144989], "hess_inv": [[0.36875606693500507, 0.3360407474810837, -0.4299070269542748], [0.33604074748108365, 0.33962830468268157, -0.4014920807123703], [-0.42990702695427474, -0.4014920807123703, 0.546378395324066]], "nfev": 303, "njev": 74, "status": 2, "success": false, "message": "Desired error not necessarily achieved due to precision loss.", "x": [3.112680785279277, 3.112804314025303, -3.123398580917858], "nit": 15}