{"fun": 3.0913385721436435, "jac": [-0.37895774841308594, -1.106052190065384, 0.7985548675060272], "hess_inv": [[0.3572169671534931, 0.3450870880436733, -0.4706773253793035], [0.34508708804367333, 0.3689164965965271, -0.4683694181360132], [-0.47067732537930346, -0.46836941813601324, 0.6709685350343526]], "nfev": 383, "njev": 94, "status": 2, "success": false, "message": "Desired error not necessarily achieved due to precision loss.", "x": [3.023870576411289, 3.1552916988547164, -3.38279400960012], "nit": 18}