{"fun": 3.0894080815333265, "jac": [-0.39519745111465454, -1.1818287670612335, 0.858043372631073], "hess_inv": [[0.3264055020760146, 0.30989341088309136, -0.4210951218607932], [0.30989341088309136, 0.32930450426656793, -0.41319584617937116], [-0.4210951218607931, -0.41319584617937116, 0.5936403833831009]], "nfev": 365, "njev": 89, "status": 2, "success": false, "message": "Desired error not necessarily achieved due to precision loss.", "x": [2.9923897280654166, 3.087561312496392, -3.26503020187145], "nit": 17}