{"fun": 3.084397371169853, "jac": [-0.4214305281639099, -1.25766921043396, 0.9138602614402771], "hess_inv": [[0.31521019589167293, 0.2987686816200907, -0.4052943062102034], [0.2987686816200906, 0.3182582514851588, -0.3974887340803254], [-0.4052943062102035, -0.3974887340803254, 0.5713978792935254]], "nfev": 351, "njev": 86, "status": 2, "success": false, "message": "Desired error not necessarily achieved due to precision loss.", "x": [2.925308876366947, 3.021825137854429, -3.1709121072323327], "nit": 17}