{"fun": 3.084839854222391, "jac": [-0.42122453451156616, -1.2188315987586975, 0.882240891456604], "hess_inv": [[0.34215829614470433, 0.3311418296295423, -0.4492197175542065], [0.3311418296295423, 0.35608685391324496, -0.4483442126987839], [-0.4492197175542065, -0.44834421269878383, 0.6402612527867364]], "nfev": 352, "njev": 86, "status": 2, "success": false, "message": "Desired error not necessarily achieved due to precision loss.", "x": [2.914425592469604, 3.0560192686756933, -3.234219647029621], "nit": 16}