{"fun": 3.0936885674633023, "jac": [-0.39040443301200867, -1.165967345237732, 0.8465537428855896], "hess_inv": [[0.33241950184130653, 0.31629957500983014, -0.42973784809783416], [0.31629957500983014, 0.33609268228541744, -0.4223524292098315], [-0.42973784809783416, -0.42235242920983157, 0.6059567443919187]], "nfev": 325, "njev": 79, "status": 2, "success": false, "message": "Desired error not necessarily achieved due to precision loss.", "x": [3.005207675165717, 3.1031273479931376, -3.286368599955021], "nit": 17}