{"fun": 3.0845334944350395, "jac": [-0.40452101826667786, -1.208883911371231, 0.878054291009903], "hess_inv": [[0.3205722460801283, 0.30411379358783375, -0.4129333535653478], [0.30411379358783375, 0.3235824613428447, -0.4051060595347855], [-0.4129333535653479, -0.4051060595347854, 0.5822410208150249]], "nfev": 370, "njev": 90, "status": 2, "success": false, "message": "Desired error not necessarily achieved due to precision loss.", "x": [2.966868166221591, 3.062881693778151, -3.22920739032806], "nit": 17}