{"fun": 3.057270901398216, "jac": [-0.36389848589897156, -1.182515025138855, 0.8958361446857452], "hess_inv": [[0.3703582183002116, 0.33747751039166574, -0.4313639920489393], [0.33747751039166574, 0.3409155416038592, -0.40277197435279893], [-0.43136399204893927, -0.40277197435279893, 0.5475729211082325]], "nfev": 289, "njev": 70, "status": 2, "success": false, "message": "Desired error not necessarily achieved due to precision loss.", "x": [3.1054419972044185, 3.1053230689439673, -3.111583936588721], "nit": 15}