{"fun": 3.0842542689990546, "jac": [-0.40764617919921875, -1.2174193859100342, 0.8849785923957825], "hess_inv": [[0.3274996604804575, 0.31126755958529967, -0.4219773929319206], [0.31126755958529967, 0.3309699710461449, -0.4144562041592971], [-0.4219773929319206, -0.41445620415929707, 0.5940467224938931]], "nfev": 375, "njev": 92, "status": 2, "success": false, "message": "Desired error not necessarily achieved due to precision loss.", "x": [2.9591389634555316, 3.0562989187662755, -3.216694512599973], "nit": 17}