{"fun": 3.0848610989774103, "jac": [-0.3967069387435913, -1.1855391263961792, 0.8606879711151123], "hess_inv": [[0.32362450029072215, 0.30732969505670077, -0.41764146927291446], [0.3073296950567007, 0.3269450691329919, -0.41001716822654094], [-0.4176414692729145, -0.41001716822654094, 0.5893242625226254]], "nfev": 335, "njev": 82, "status": 2, "success": false, "message": "Desired error not necessarily achieved due to precision loss.", "x": [2.985481063867642, 3.082830380378931, -3.2587321833901752], "nit": 17}