{"fun": 3.079786903049752, "jac": [-0.419901967048645, -1.2523042559623718, 0.9098783135414124], "hess_inv": [[0.3139365486539717, 0.297781145721827, -0.40401705272124633], [0.29778114572182696, 0.31754509107853945, -0.3965804629483437], [-0.40401705272124633, -0.39658046294834365, 0.5702083983540186]], "nfev": 361, "njev": 88, "status": 2, "success": false, "message": "Desired error not necessarily achieved due to precision loss.", "x": [2.925771446102702, 3.0247638906796355, -3.175323869172921], "nit": 17}