{"fun": 3.06341457286411, "jac": [-0.3487437963485718, -1.1351976990699768, 0.8605922162532806], "hess_inv": [[0.39211980810920855, 0.35837370875896907, -0.45777651235602435], [0.35837370875896907, 0.3609830632318084, -0.4281369909957844], [-0.45777651235602435, -0.4281369909957844, 0.5796401417880958]], "nfev": 388, "njev": 95, "status": 2, "success": false, "message": "Desired error not necessarily achieved due to precision loss.", "x": [3.153397091648984, 3.1508849263363, -3.168919688000593], "nit": 15}